CustomerID,Name,Age,Address
,,46.0,Address 1001
1002.0,Customer 1002,56.0,
1003.0,Customer 1003,18.0,Address 1003
1004.0,Customer 1004,,Address 1004
1005.0,Customer 1005,55.0,Address 1005
1006.0,Customer 1006,26.0,
1007.0,Customer 1007,28.0,Address 1007
1008.0,Customer 1008,41.0,Address 1008
1009.0,Customer 1009,30.0,Address 1009
1010.0,Customer 1010,56.0,Address 1010
1011.0,,32.0,Address 1011
1012.0,Customer 1012,50.0,Address 1012
1013.0,Customer 1013,39.0,Address 1013
1014.0,Customer 1014,54.0,Address 1014
1015.0,Customer 1015,,Address 1015
1016.0,Customer 1016,55.0,Address 1016
1017.0,Customer 1017,32.0,Address 1017
1018.0,Customer 1018,53.0,Address 1018
1019.0,Customer 1019,23.0,Address 1019
1020.0,Customer 1020,35.0,
1021.0,,26.0,Address 1021
1022.0,Customer 1022,34.0,Address 1022
1023.0,Customer 1023,39.0,Address 1023
1024.0,Customer 1024,,Address 1024
1025.0,Customer 1025,63.0,
,Customer 1026,61.0,Address 1026
1027.0,,49.0,Address 1027
1028.0,Customer 1028,,Address 1028
1029.0,Customer 1029,,Address 1029
1030.0,Customer 1030,27.0,
1031.0,Customer 1031,27.0,Address 1031
1032.0,Customer 1032,48.0,Address 1032
1033.0,,46.0,Address 1033
1034.0,Customer 1034,31.0,Address 1034
1035.0,,56.0,Address 1035
,Customer 1036,33.0,Address 1036
1037.0,Customer 1037,33.0,Address 1037
1038.0,Customer 1038,55.0,Address 1038
,Customer 1039,30.0,Address 1039
1040.0,Customer 1040,,Address 1040
1041.0,,57.0,Address 1041
1042.0,Customer 1042,32.0,Address 1042
1043.0,Customer 1043,53.0,Address 1043
1044.0,,44.0,Address 1044
1045.0,Customer 1045,53.0,Address 1045
1046.0,Customer 1046,,Address 1046
1047.0,Customer 1047,22.0,Address 1047
1048.0,Customer 1048,34.0,Address 1048
1049.0,Customer 1049,40.0,
1050.0,Customer 1050,,Address 1050
1051.0,Customer 1051,38.0,Address 1051
1052.0,Customer 1052,58.0,Address 1052
1053.0,,18.0,Address 1053
1054.0,Customer 1054,49.0,Address 1054
1055.0,Customer 1055,59.0,Address 1055
1056.0,Customer 1056,22.0,Address 1056
1057.0,Customer 1057,30.0,Address 1057
1058.0,Customer 1058,23.0,Address 1058
1059.0,,27.0,Address 1059
1060.0,Customer 1060,28.0,Address 1060
1061.0,Customer 1061,26.0,Address 1061
1062.0,Customer 1062,60.0,Address 1062
1063.0,Customer 1063,44.0,
1064.0,Customer 1064,22.0,Address 1064
1065.0,,,Address 1065
1066.0,Customer 1066,21.0,Address 1066
1067.0,,27.0,Address 1067
1068.0,,44.0,Address 1068
1069.0,Customer 1069,57.0,Address 1069
,Customer 1070,30.0,Address 1070
1071.0,Customer 1071,39.0,Address 1071
1072.0,Customer 1072,,Address 1072
1073.0,Customer 1073,31.0,Address 1073
1074.0,,51.0,Address 1074
1075.0,Customer 1075,46.0,Address 1075
1076.0,Customer 1076,55.0,Address 1076
1077.0,Customer 1077,34.0,Address 1077
,Customer 1078,58.0,Address 1078
1079.0,Customer 1079,,Address 1079
1080.0,Customer 1080,21.0,Address 1080
1081.0,Customer 1081,59.0,Address 1081
1082.0,Customer 1082,,Address 1082
1083.0,Customer 1083,,Address 1083
1084.0,Customer 1084,27.0,Address 1084
1085.0,Customer 1085,42.0,Address 1085
1086.0,,58.0,
1087.0,Customer 1087,,Address 1087
1088.0,Customer 1088,19.0,Address 1088
1089.0,Customer 1089,,Address 1089
1090.0,Customer 1090,50.0,Address 1090
1091.0,Customer 1091,37.0,
,Customer 1092,60.0,Address 1092
1093.0,Customer 1093,28.0,Address 1093
1094.0,Customer 1094,28.0,Address 1094
1095.0,Customer 1095,49.0,Address 1095
1096.0,Customer 1096,30.0,Address 1096
1097.0,Customer 1097,29.0,Address 1097
1098.0,Customer 1098,25.0,Address 1098
1099.0,Customer 1099,29.0,Address 1099
1100.0,Customer 1100,59.0,Address 1100
1101.0,Customer 1101,45.0,Address 1101
1102.0,Customer 1102,57.0,Address 1102
1103.0,Customer 1103,38.0,Address 1103
1104.0,Customer 1104,40.0,
1105.0,Customer 1105,,Address 1105
1106.0,Customer 1106,52.0,Address 1106
1107.0,Customer 1107,22.0,Address 1107
1108.0,Customer 1108,50.0,Address 1108
1109.0,Customer 1109,63.0,Address 1109
,Customer 1110,19.0,Address 1110
1111.0,Customer 1111,39.0,Address 1111
1112.0,Customer 1112,58.0,Address 1112
,Customer 1113,64.0,Address 1113
,Customer 1114,59.0,
1115.0,Customer 1115,63.0,Address 1115
1116.0,Customer 1116,22.0,Address 1116
1117.0,Customer 1117,64.0,Address 1117
1118.0,,27.0,
,Customer 1119,39.0,
1120.0,Customer 1120,46.0,Address 1120
1121.0,Customer 1121,29.0,Address 1121
1122.0,Customer 1122,23.0,Address 1122
,Customer 1123,31.0,Address 1123
1124.0,Customer 1124,33.0,Address 1124
1125.0,Customer 1125,,Address 1125
1126.0,Customer 1126,18.0,
1127.0,Customer 1127,21.0,Address 1127
1128.0,Customer 1128,46.0,Address 1128
1129.0,Customer 1129,51.0,Address 1129
1130.0,Customer 1130,33.0,Address 1130
1131.0,Customer 1131,31.0,Address 1131
1132.0,Customer 1132,49.0,Address 1132
1133.0,Customer 1133,42.0,Address 1133
1134.0,Customer 1134,,Address 1134
1135.0,,25.0,Address 1135
1136.0,Customer 1136,,Address 1136
1137.0,Customer 1137,19.0,Address 1137
1138.0,Customer 1138,,Address 1138
,Customer 1139,35.0,Address 1139
1140.0,Customer 1140,,
1141.0,,23.0,Address 1141
1142.0,,,Address 1142
1143.0,Customer 1143,61.0,Address 1143
1144.0,Customer 1144,45.0,Address 1144
1145.0,Customer 1145,62.0,Address 1145
1146.0,Customer 1146,51.0,Address 1146
1147.0,,25.0,Address 1147
1148.0,,45.0,Address 1148
1149.0,Customer 1149,59.0,Address 1149
1150.0,Customer 1150,,Address 1150
1151.0,Customer 1151,44.0,Address 1151
1152.0,Customer 1152,64.0,Address 1152
1153.0,Customer 1153,59.0,Address 1153
1154.0,Customer 1154,49.0,Address 1154
1155.0,Customer 1155,,
1156.0,Customer 1156,20.0,Address 1156
1157.0,Customer 1157,20.0,Address 1157
1158.0,Customer 1158,25.0,Address 1158
,,22.0,Address 1159
1160.0,Customer 1160,33.0,Address 1160
1161.0,Customer 1161,53.0,Address 1161
1162.0,Customer 1162,43.0,Address 1162
1163.0,,43.0,Address 1163
1164.0,Customer 1164,,Address 1164
1165.0,Customer 1165,31.0,Address 1165
,Customer 1166,41.0,Address 1166
1167.0,Customer 1167,,Address 1167
1168.0,Customer 1168,33.0,Address 1168
1169.0,Customer 1169,54.0,Address 1169
,Customer 1170,55.0,Address 1170
1171.0,Customer 1171,19.0,Address 1171
1172.0,Customer 1172,50.0,Address 1172
,Customer 1173,59.0,Address 1173
1174.0,Customer 1174,53.0,Address 1174
1175.0,Customer 1175,46.0,Address 1175
1176.0,Customer 1176,47.0,Address 1176
1177.0,Customer 1177,46.0,
,,,Address 1178
1179.0,Customer 1179,31.0,Address 1179
1180.0,Customer 1180,18.0,Address 1180
1181.0,Customer 1181,49.0,Address 1181
1182.0,Customer 1182,51.0,Address 1182
1183.0,Customer 1183,32.0,
1184.0,Customer 1184,51.0,Address 1184
1185.0,Customer 1185,19.0,Address 1185
1186.0,Customer 1186,22.0,
1187.0,Customer 1187,,Address 1187
1188.0,Customer 1188,44.0,Address 1188
1189.0,Customer 1189,58.0,Address 1189
1190.0,Customer 1190,,
1191.0,Customer 1191,,Address 1191
1192.0,Customer 1192,53.0,Address 1192
1193.0,Customer 1193,19.0,Address 1193
1194.0,Customer 1194,29.0,Address 1194
1195.0,Customer 1195,,Address 1195
1196.0,Customer 1196,60.0,Address 1196
1197.0,Customer 1197,49.0,
1198.0,Customer 1198,52.0,Address 1198
1199.0,Customer 1199,29.0,
1200.0,Customer 1200,60.0,Address 1200
1201.0,,54.0,Address 1201
1202.0,Customer 1202,29.0,Address 1202
,Customer 1203,26.0,Address 1203
1204.0,,58.0,Address 1204
1205.0,Customer 1205,54.0,Address 1205
1206.0,Customer 1206,18.0,Address 1206
1207.0,Customer 1207,22.0,Address 1207
1208.0,Customer 1208,54.0,Address 1208
1209.0,Customer 1209,23.0,Address 1209
1210.0,Customer 1210,33.0,Address 1210
1211.0,Customer 1211,,Address 1211
1212.0,Customer 1212,51.0,Address 1212
1213.0,,42.0,Address 1213
1214.0,Customer 1214,24.0,Address 1214
1215.0,Customer 1215,,Address 1215
1216.0,Customer 1216,43.0,Address 1216
1217.0,Customer 1217,40.0,Address 1217
1218.0,Customer 1218,48.0,Address 1218
1219.0,Customer 1219,46.0,Address 1219
1220.0,,,Address 1220
1221.0,Customer 1221,52.0,Address 1221
1222.0,Customer 1222,46.0,Address 1222
1223.0,Customer 1223,45.0,Address 1223
,Customer 1224,45.0,Address 1224
1225.0,Customer 1225,,Address 1225
1226.0,Customer 1226,29.0,Address 1226
1227.0,Customer 1227,26.0,Address 1227
1228.0,Customer 1228,34.0,Address 1228
1229.0,,58.0,Address 1229
,Customer 1230,27.0,Address 1230
1231.0,,18.0,Address 1231
1232.0,Customer 1232,47.0,Address 1232
1233.0,Customer 1233,41.0,Address 1233
1234.0,,43.0,
1235.0,Customer 1235,62.0,Address 1235
,Customer 1236,21.0,Address 1236
1237.0,Customer 1237,52.0,Address 1237
1238.0,Customer 1238,62.0,Address 1238
1239.0,Customer 1239,24.0,Address 1239
,Customer 1240,32.0,Address 1240
1241.0,Customer 1241,51.0,Address 1241
1242.0,Customer 1242,31.0,Address 1242
1243.0,Customer 1243,41.0,Address 1243
1244.0,,29.0,Address 1244
1245.0,,,Address 1245
1246.0,Customer 1246,24.0,Address 1246
1247.0,Customer 1247,50.0,Address 1247
,Customer 1248,35.0,Address 1248
1249.0,Customer 1249,25.0,Address 1249
,Customer 1250,48.0,Address 1250
1251.0,Customer 1251,52.0,Address 1251
1252.0,Customer 1252,41.0,Address 1252
1253.0,,19.0,Address 1253
1254.0,Customer 1254,27.0,Address 1254
1255.0,Customer 1255,38.0,Address 1255
1256.0,Customer 1256,36.0,Address 1256
1257.0,Customer 1257,54.0,Address 1257
1258.0,Customer 1258,48.0,Address 1258
1259.0,Customer 1259,52.0,Address 1259
1260.0,Customer 1260,39.0,Address 1260
1261.0,Customer 1261,49.0,Address 1261
1262.0,Customer 1262,24.0,Address 1262
1263.0,,24.0,Address 1263
1264.0,Customer 1264,38.0,Address 1264
1265.0,Customer 1265,60.0,Address 1265
1266.0,Customer 1266,27.0,Address 1266
1267.0,Customer 1267,31.0,Address 1267
1268.0,Customer 1268,44.0,Address 1268
1269.0,Customer 1269,63.0,Address 1269
1270.0,Customer 1270,50.0,Address 1270
1271.0,Customer 1271,44.0,Address 1271
1272.0,Customer 1272,41.0,Address 1272
1273.0,,36.0,Address 1273
1274.0,Customer 1274,40.0,Address 1274
1275.0,Customer 1275,61.0,Address 1275
1276.0,Customer 1276,,Address 1276
1277.0,Customer 1277,47.0,Address 1277
1278.0,,,Address 1278
1279.0,Customer 1279,26.0,Address 1279
1280.0,Customer 1280,18.0,Address 1280
1281.0,Customer 1281,53.0,Address 1281
1282.0,Customer 1282,49.0,Address 1282
1283.0,Customer 1283,55.0,Address 1283
1284.0,Customer 1284,34.0,Address 1284
1285.0,Customer 1285,60.0,Address 1285
1286.0,Customer 1286,52.0,Address 1286
1287.0,Customer 1287,62.0,Address 1287
1288.0,Customer 1288,62.0,Address 1288
1289.0,Customer 1289,23.0,Address 1289
1290.0,Customer 1290,25.0,Address 1290
1291.0,Customer 1291,56.0,Address 1291
1292.0,,38.0,Address 1292
1293.0,Customer 1293,51.0,Address 1293
1294.0,Customer 1294,46.0,
1295.0,Customer 1295,57.0,Address 1295
,,45.0,Address 1296
1297.0,Customer 1297,53.0,Address 1297
1298.0,Customer 1298,42.0,Address 1298
1299.0,Customer 1299,64.0,Address 1299
1300.0,Customer 1300,59.0,Address 1300
1301.0,Customer 1301,55.0,Address 1301
1302.0,Customer 1302,26.0,Address 1302
1303.0,Customer 1303,59.0,Address 1303
1304.0,,25.0,Address 1304
1305.0,,63.0,Address 1305
1306.0,Customer 1306,52.0,Address 1306
1307.0,Customer 1307,42.0,Address 1307
1308.0,Customer 1308,58.0,Address 1308
1309.0,Customer 1309,44.0,Address 1309
1310.0,Customer 1310,61.0,Address 1310
1311.0,Customer 1311,,Address 1311
1312.0,Customer 1312,43.0,Address 1312
1313.0,,53.0,Address 1313
1314.0,Customer 1314,,Address 1314
1315.0,,40.0,Address 1315
1316.0,,55.0,Address 1316
1317.0,Customer 1317,24.0,Address 1317
1318.0,Customer 1318,34.0,
1319.0,Customer 1319,47.0,Address 1319
1320.0,Customer 1320,24.0,Address 1320
1321.0,Customer 1321,47.0,Address 1321
1322.0,Customer 1322,40.0,Address 1322
,Customer 1323,44.0,Address 1323
1324.0,Customer 1324,57.0,Address 1324
1325.0,Customer 1325,31.0,Address 1325
1326.0,,42.0,Address 1326
1327.0,Customer 1327,44.0,Address 1327
1328.0,Customer 1328,56.0,
1329.0,Customer 1329,,Address 1329
1330.0,Customer 1330,36.0,Address 1330
1331.0,Customer 1331,48.0,Address 1331
1332.0,Customer 1332,,Address 1332
1333.0,Customer 1333,57.0,Address 1333
1334.0,Customer 1334,37.0,Address 1334
1335.0,Customer 1335,58.0,Address 1335
1336.0,Customer 1336,37.0,Address 1336
1337.0,Customer 1337,26.0,Address 1337
1338.0,Customer 1338,43.0,
1339.0,Customer 1339,36.0,Address 1339
1340.0,Customer 1340,60.0,Address 1340
1341.0,Customer 1341,60.0,Address 1341
1342.0,Customer 1342,27.0,Address 1342
1343.0,Customer 1343,33.0,
1344.0,Customer 1344,62.0,Address 1344
1345.0,Customer 1345,49.0,Address 1345
1346.0,Customer 1346,44.0,Address 1346
1347.0,Customer 1347,28.0,Address 1347
1348.0,Customer 1348,20.0,Address 1348
1349.0,Customer 1349,35.0,Address 1349
1350.0,Customer 1350,57.0,Address 1350
1351.0,Customer 1351,22.0,Address 1351
1352.0,Customer 1352,28.0,Address 1352
1353.0,Customer 1353,,Address 1353
1354.0,Customer 1354,23.0,Address 1354
1355.0,Customer 1355,29.0,Address 1355
1356.0,Customer 1356,34.0,Address 1356
1357.0,Customer 1357,29.0,Address 1357
1358.0,Customer 1358,49.0,
1359.0,Customer 1359,57.0,Address 1359
1360.0,Customer 1360,31.0,
1361.0,Customer 1361,40.0,Address 1361
1362.0,Customer 1362,63.0,Address 1362
,Customer 1363,45.0,Address 1363
1364.0,Customer 1364,35.0,
1365.0,Customer 1365,41.0,
1366.0,,32.0,Address 1366
1367.0,Customer 1367,21.0,Address 1367
1368.0,Customer 1368,34.0,Address 1368
1369.0,Customer 1369,31.0,Address 1369
1370.0,Customer 1370,18.0,Address 1370
,Customer 1371,38.0,Address 1371
1372.0,Customer 1372,58.0,Address 1372
1373.0,Customer 1373,37.0,Address 1373
1374.0,Customer 1374,40.0,Address 1374
1375.0,Customer 1375,,Address 1375
1376.0,Customer 1376,41.0,Address 1376
1377.0,Customer 1377,,Address 1377
1378.0,Customer 1378,57.0,Address 1378
1379.0,Customer 1379,22.0,Address 1379
,Customer 1380,47.0,Address 1380
1381.0,,33.0,Address 1381
1382.0,,44.0,Address 1382
,Customer 1383,27.0,Address 1383
1384.0,,44.0,Address 1384
1385.0,Customer 1385,39.0,Address 1385
1386.0,Customer 1386,57.0,
1387.0,,38.0,Address 1387
1388.0,,20.0,Address 1388
1389.0,Customer 1389,35.0,Address 1389
1390.0,Customer 1390,39.0,Address 1390
1391.0,Customer 1391,55.0,Address 1391
1392.0,Customer 1392,57.0,Address 1392
1393.0,Customer 1393,51.0,Address 1393
1394.0,Customer 1394,30.0,
1395.0,Customer 1395,,Address 1395
1396.0,Customer 1396,18.0,
1397.0,Customer 1397,54.0,Address 1397
1398.0,Customer 1398,42.0,Address 1398
1399.0,Customer 1399,41.0,Address 1399
1400.0,Customer 1400,30.0,Address 1400
,Customer 1401,63.0,Address 1401
1402.0,Customer 1402,,Address 1402
1403.0,Customer 1403,43.0,Address 1403
1404.0,Customer 1404,19.0,
1405.0,Customer 1405,36.0,
1406.0,,47.0,Address 1406
1407.0,Customer 1407,62.0,Address 1407
1408.0,,54.0,Address 1408
1409.0,Customer 1409,49.0,Address 1409
1410.0,Customer 1410,41.0,Address 1410
1411.0,Customer 1411,53.0,Address 1411
1412.0,Customer 1412,40.0,Address 1412
1413.0,Customer 1413,38.0,Address 1413
1414.0,Customer 1414,33.0,Address 1414
1415.0,Customer 1415,35.0,Address 1415
1416.0,Customer 1416,27.0,Address 1416
1417.0,Customer 1417,33.0,Address 1417
1418.0,Customer 1418,18.0,Address 1418
1419.0,Customer 1419,55.0,Address 1419
1420.0,,25.0,Address 1420
1421.0,Customer 1421,49.0,Address 1421
1422.0,Customer 1422,31.0,Address 1422
1423.0,Customer 1423,20.0,Address 1423
1424.0,Customer 1424,54.0,Address 1424
,Customer 1425,63.0,
1426.0,Customer 1426,52.0,Address 1426
1427.0,Customer 1427,49.0,Address 1427
1428.0,Customer 1428,46.0,Address 1428
1429.0,Customer 1429,29.0,Address 1429
,Customer 1430,18.0,Address 1430
1431.0,Customer 1431,45.0,Address 1431
1432.0,Customer 1432,54.0,Address 1432
1433.0,Customer 1433,53.0,Address 1433
1434.0,Customer 1434,47.0,Address 1434
1435.0,,41.0,
1436.0,Customer 1436,53.0,Address 1436
1437.0,,63.0,Address 1437
1438.0,Customer 1438,30.0,Address 1438
1439.0,Customer 1439,58.0,Address 1439
1440.0,Customer 1440,46.0,Address 1440
1441.0,Customer 1441,62.0,Address 1441
1442.0,Customer 1442,48.0,Address 1442
1443.0,Customer 1443,51.0,Address 1443
,Customer 1444,,Address 1444
1445.0,Customer 1445,63.0,
1446.0,Customer 1446,56.0,Address 1446
1447.0,Customer 1447,26.0,Address 1447
1448.0,Customer 1448,24.0,
1449.0,Customer 1449,40.0,
1450.0,,,
1451.0,Customer 1451,59.0,Address 1451
1452.0,Customer 1452,60.0,Address 1452
1453.0,,28.0,Address 1453
1454.0,Customer 1454,50.0,
1455.0,Customer 1455,18.0,Address 1455
1456.0,Customer 1456,19.0,Address 1456
1457.0,Customer 1457,36.0,Address 1457
1458.0,Customer 1458,28.0,Address 1458
1459.0,,57.0,Address 1459
1460.0,Customer 1460,57.0,
,Customer 1461,43.0,Address 1461
,,30.0,Address 1462
,,53.0,
1464.0,Customer 1464,27.0,Address 1464
1465.0,Customer 1465,22.0,Address 1465
1466.0,Customer 1466,33.0,Address 1466
1467.0,Customer 1467,40.0,Address 1467
1468.0,,46.0,
1469.0,Customer 1469,43.0,Address 1469
,Customer 1470,64.0,Address 1470
1471.0,Customer 1471,49.0,Address 1471
1472.0,Customer 1472,55.0,Address 1472
1473.0,Customer 1473,23.0,Address 1473
1474.0,Customer 1474,42.0,Address 1474
1475.0,Customer 1475,,
1476.0,Customer 1476,35.0,Address 1476
1477.0,Customer 1477,,Address 1477
1478.0,Customer 1478,26.0,Address 1478
1479.0,Customer 1479,45.0,Address 1479
1480.0,Customer 1480,63.0,Address 1480
1481.0,Customer 1481,41.0,Address 1481
1482.0,Customer 1482,21.0,Address 1482
1483.0,Customer 1483,33.0,Address 1483
1484.0,Customer 1484,64.0,
1485.0,Customer 1485,40.0,Address 1485
1486.0,Customer 1486,27.0,
1487.0,Customer 1487,46.0,
,Customer 1488,33.0,Address 1488
1489.0,Customer 1489,40.0,Address 1489
1490.0,Customer 1490,34.0,
1491.0,Customer 1491,41.0,Address 1491
1492.0,Customer 1492,21.0,
1493.0,Customer 1493,,Address 1493
1494.0,Customer 1494,28.0,Address 1494
1495.0,Customer 1495,22.0,Address 1495
,Customer 1496,32.0,Address 1496
1497.0,Customer 1497,55.0,Address 1497
1498.0,Customer 1498,28.0,Address 1498
1499.0,Customer 1499,40.0,Address 1499
1500.0,Customer 1500,57.0,Address 1500
1501.0,Customer 1501,52.0,Address 1501
1502.0,Customer 1502,22.0,Address 1502
1503.0,Customer 1503,,Address 1503
1504.0,Customer 1504,27.0,Address 1504
1505.0,Customer 1505,20.0,Address 1505
1506.0,Customer 1506,38.0,Address 1506
1507.0,Customer 1507,57.0,Address 1507
1508.0,Customer 1508,58.0,Address 1508
1509.0,Customer 1509,37.0,Address 1509
1510.0,Customer 1510,56.0,Address 1510
1511.0,Customer 1511,28.0,Address 1511
1512.0,Customer 1512,,Address 1512
1513.0,,63.0,Address 1513
1514.0,Customer 1514,40.0,
1515.0,Customer 1515,47.0,Address 1515
1516.0,Customer 1516,59.0,Address 1516
1517.0,Customer 1517,44.0,Address 1517
1518.0,Customer 1518,44.0,Address 1518
1519.0,Customer 1519,21.0,Address 1519
1520.0,Customer 1520,59.0,Address 1520
1521.0,Customer 1521,53.0,Address 1521
1522.0,,53.0,Address 1522
,Customer 1523,64.0,Address 1523
1524.0,Customer 1524,,Address 1524
1525.0,Customer 1525,37.0,Address 1525
1526.0,Customer 1526,25.0,Address 1526
1527.0,Customer 1527,61.0,Address 1527
,,34.0,
1529.0,Customer 1529,27.0,Address 1529
1530.0,Customer 1530,22.0,Address 1530
1531.0,Customer 1531,38.0,Address 1531
1532.0,Customer 1532,57.0,Address 1532
1533.0,Customer 1533,30.0,Address 1533
1534.0,,,Address 1534
1535.0,Customer 1535,35.0,Address 1535
1536.0,Customer 1536,33.0,Address 1536
1537.0,Customer 1537,27.0,Address 1537
1538.0,Customer 1538,54.0,Address 1538
1539.0,Customer 1539,56.0,Address 1539
1540.0,,,Address 1540
1541.0,Customer 1541,42.0,Address 1541
1542.0,Customer 1542,51.0,Address 1542
1543.0,Customer 1543,44.0,Address 1543
1544.0,Customer 1544,42.0,Address 1544
1545.0,Customer 1545,,Address 1545
1546.0,Customer 1546,28.0,Address 1546
1547.0,Customer 1547,45.0,Address 1547
1548.0,Customer 1548,56.0,Address 1548
1549.0,Customer 1549,,Address 1549
1550.0,Customer 1550,26.0,Address 1550
1551.0,Customer 1551,39.0,Address 1551
1552.0,Customer 1552,24.0,Address 1552
,Customer 1553,29.0,Address 1553
1554.0,Customer 1554,49.0,Address 1554
1555.0,Customer 1555,43.0,Address 1555
1556.0,Customer 1556,50.0,Address 1556
1557.0,,40.0,Address 1557
1558.0,Customer 1558,29.0,Address 1558
1559.0,Customer 1559,43.0,Address 1559
1560.0,Customer 1560,60.0,
1561.0,Customer 1561,58.0,Address 1561
1562.0,,60.0,Address 1562
1563.0,Customer 1563,25.0,Address 1563
1564.0,Customer 1564,54.0,Address 1564
1565.0,Customer 1565,31.0,
1566.0,Customer 1566,21.0,
1567.0,,44.0,
1568.0,Customer 1568,56.0,
1569.0,,42.0,Address 1569
1570.0,Customer 1570,54.0,Address 1570
1571.0,Customer 1571,42.0,Address 1571
1572.0,,,Address 1572
1573.0,Customer 1573,59.0,Address 1573
1574.0,Customer 1574,24.0,Address 1574
1575.0,Customer 1575,,Address 1575
1576.0,Customer 1576,57.0,Address 1576
1577.0,,23.0,Address 1577
1578.0,Customer 1578,44.0,Address 1578
1579.0,Customer 1579,42.0,
1580.0,Customer 1580,32.0,Address 1580
1581.0,Customer 1581,63.0,Address 1581
,Customer 1582,,Address 1582
1583.0,,27.0,Address 1583
1584.0,Customer 1584,31.0,
1585.0,Customer 1585,58.0,Address 1585
1586.0,Customer 1586,44.0,Address 1586
1587.0,Customer 1587,55.0,Address 1587
1588.0,Customer 1588,58.0,Address 1588
,Customer 1589,55.0,Address 1589
,Customer 1590,25.0,Address 1590
1591.0,Customer 1591,48.0,Address 1591
1592.0,Customer 1592,44.0,Address 1592
1593.0,Customer 1593,27.0,
1594.0,Customer 1594,19.0,Address 1594
1595.0,,,Address 1595
1596.0,Customer 1596,64.0,Address 1596
1597.0,Customer 1597,64.0,Address 1597
1598.0,Customer 1598,19.0,Address 1598
1599.0,Customer 1599,60.0,Address 1599
1600.0,Customer 1600,18.0,Address 1600
,Customer 1601,60.0,Address 1601
1602.0,Customer 1602,56.0,Address 1602
1603.0,Customer 1603,57.0,Address 1603
1604.0,Customer 1604,46.0,Address 1604
1605.0,Customer 1605,22.0,Address 1605
1606.0,Customer 1606,54.0,Address 1606
1607.0,,64.0,Address 1607
1608.0,Customer 1608,50.0,Address 1608
1609.0,,38.0,Address 1609
1610.0,Customer 1610,53.0,
1611.0,Customer 1611,55.0,Address 1611
1612.0,Customer 1612,48.0,Address 1612
1613.0,Customer 1613,58.0,Address 1613
1614.0,Customer 1614,21.0,Address 1614
1615.0,Customer 1615,59.0,Address 1615
1616.0,Customer 1616,33.0,Address 1616
1617.0,Customer 1617,39.0,Address 1617
1618.0,Customer 1618,,Address 1618
1619.0,Customer 1619,50.0,Address 1619
1620.0,Customer 1620,28.0,Address 1620
1621.0,,43.0,Address 1621
1622.0,Customer 1622,37.0,Address 1622
1623.0,Customer 1623,20.0,Address 1623
1624.0,Customer 1624,54.0,Address 1624
1625.0,Customer 1625,29.0,
1626.0,,45.0,Address 1626
1627.0,,24.0,Address 1627
1628.0,Customer 1628,38.0,Address 1628
1629.0,Customer 1629,31.0,Address 1629
1630.0,Customer 1630,24.0,Address 1630
1631.0,Customer 1631,,Address 1631
1632.0,Customer 1632,30.0,Address 1632
1633.0,Customer 1633,44.0,Address 1633
1634.0,Customer 1634,61.0,Address 1634
,Customer 1635,20.0,Address 1635
1636.0,Customer 1636,30.0,Address 1636
1637.0,Customer 1637,22.0,Address 1637
1638.0,Customer 1638,31.0,Address 1638
1639.0,Customer 1639,32.0,Address 1639
1640.0,,29.0,
1641.0,Customer 1641,50.0,Address 1641
1642.0,Customer 1642,25.0,Address 1642
1643.0,Customer 1643,50.0,Address 1643
1644.0,Customer 1644,43.0,Address 1644
1645.0,Customer 1645,33.0,Address 1645
1646.0,Customer 1646,28.0,Address 1646
1647.0,Customer 1647,38.0,Address 1647
1648.0,Customer 1648,32.0,Address 1648
1649.0,Customer 1649,43.0,Address 1649
1650.0,Customer 1650,51.0,Address 1650
1651.0,Customer 1651,50.0,Address 1651
1652.0,,63.0,Address 1652
1653.0,Customer 1653,33.0,Address 1653
1654.0,Customer 1654,,Address 1654
,Customer 1655,52.0,Address 1655
,Customer 1656,29.0,Address 1656
1657.0,,63.0,
1658.0,Customer 1658,49.0,Address 1658
1659.0,Customer 1659,59.0,
1660.0,Customer 1660,52.0,Address 1660
1661.0,Customer 1661,64.0,Address 1661
1662.0,Customer 1662,24.0,Address 1662
1663.0,Customer 1663,24.0,Address 1663
1664.0,Customer 1664,,Address 1664
,Customer 1665,60.0,Address 1665
1666.0,Customer 1666,58.0,
1667.0,Customer 1667,24.0,Address 1667
1668.0,Customer 1668,42.0,Address 1668
,Customer 1669,21.0,Address 1669
1670.0,Customer 1670,52.0,Address 1670
1671.0,Customer 1671,27.0,Address 1671
1672.0,Customer 1672,,Address 1672
1673.0,Customer 1673,32.0,Address 1673
1674.0,Customer 1674,61.0,Address 1674
1675.0,Customer 1675,18.0,Address 1675
1676.0,Customer 1676,41.0,Address 1676
1677.0,Customer 1677,33.0,Address 1677
1678.0,Customer 1678,50.0,Address 1678
1679.0,Customer 1679,44.0,Address 1679
1680.0,Customer 1680,57.0,
1681.0,Customer 1681,52.0,Address 1681
1682.0,Customer 1682,56.0,Address 1682
1683.0,Customer 1683,62.0,Address 1683
1684.0,Customer 1684,,Address 1684
1685.0,Customer 1685,44.0,Address 1685
1686.0,Customer 1686,18.0,Address 1686
1687.0,Customer 1687,56.0,Address 1687
1688.0,Customer 1688,47.0,Address 1688
1689.0,Customer 1689,45.0,Address 1689
1690.0,,29.0,Address 1690
1691.0,Customer 1691,51.0,Address 1691
1692.0,Customer 1692,19.0,Address 1692
,Customer 1693,54.0,Address 1693
1694.0,Customer 1694,44.0,Address 1694
1695.0,Customer 1695,30.0,Address 1695
1696.0,Customer 1696,40.0,Address 1696
1697.0,Customer 1697,61.0,Address 1697
1698.0,Customer 1698,37.0,Address 1698
1699.0,Customer 1699,18.0,
1700.0,Customer 1700,47.0,Address 1700
1701.0,Customer 1701,55.0,Address 1701
1702.0,Customer 1702,36.0,Address 1702
1703.0,Customer 1703,27.0,Address 1703
1704.0,Customer 1704,45.0,Address 1704
1705.0,Customer 1705,40.0,Address 1705
1706.0,Customer 1706,50.0,Address 1706
1707.0,Customer 1707,49.0,Address 1707
1708.0,Customer 1708,34.0,Address 1708
1709.0,Customer 1709,30.0,Address 1709
1710.0,Customer 1710,33.0,Address 1710
1711.0,Customer 1711,55.0,Address 1711
1712.0,Customer 1712,39.0,Address 1712
1713.0,Customer 1713,27.0,
1714.0,Customer 1714,63.0,Address 1714
1715.0,Customer 1715,28.0,Address 1715
1716.0,Customer 1716,,Address 1716
1717.0,Customer 1717,,
1718.0,Customer 1718,30.0,Address 1718
,Customer 1719,,Address 1719
1720.0,Customer 1720,40.0,Address 1720
1721.0,Customer 1721,35.0,Address 1721
1722.0,Customer 1722,52.0,Address 1722
1723.0,Customer 1723,20.0,Address 1723
1724.0,Customer 1724,30.0,
1725.0,Customer 1725,22.0,Address 1725
1726.0,Customer 1726,42.0,Address 1726
1727.0,Customer 1727,60.0,Address 1727
,Customer 1728,19.0,Address 1728
1729.0,Customer 1729,50.0,Address 1729
,Customer 1730,64.0,Address 1730
1731.0,Customer 1731,51.0,Address 1731
1732.0,Customer 1732,40.0,Address 1732
1733.0,Customer 1733,58.0,Address 1733
1734.0,Customer 1734,34.0,
1735.0,Customer 1735,37.0,
1736.0,Customer 1736,24.0,Address 1736
1737.0,,56.0,Address 1737
1738.0,Customer 1738,41.0,Address 1738
1739.0,Customer 1739,,Address 1739
,Customer 1740,,Address 1740
1741.0,Customer 1741,21.0,Address 1741
1742.0,Customer 1742,53.0,Address 1742
1743.0,,,Address 1743
1744.0,Customer 1744,58.0,Address 1744
1745.0,Customer 1745,44.0,Address 1745
1746.0,Customer 1746,50.0,Address 1746
,Customer 1747,56.0,Address 1747
1748.0,Customer 1748,35.0,Address 1748
1749.0,,45.0,Address 1749
1750.0,Customer 1750,46.0,Address 1750
1751.0,Customer 1751,54.0,Address 1751
1752.0,Customer 1752,31.0,Address 1752
1753.0,Customer 1753,56.0,Address 1753
1754.0,Customer 1754,,Address 1754
1755.0,Customer 1755,,Address 1755
1756.0,Customer 1756,40.0,Address 1756
1757.0,Customer 1757,45.0,Address 1757
,Customer 1758,51.0,Address 1758
1759.0,Customer 1759,32.0,Address 1759
1760.0,,64.0,Address 1760
1761.0,Customer 1761,41.0,Address 1761
1762.0,Customer 1762,48.0,
1763.0,Customer 1763,30.0,Address 1763
1764.0,Customer 1764,33.0,Address 1764
,Customer 1765,20.0,Address 1765
1766.0,Customer 1766,48.0,Address 1766
1767.0,Customer 1767,63.0,
,,28.0,Address 1768
1769.0,Customer 1769,61.0,Address 1769
1770.0,Customer 1770,31.0,Address 1770
1771.0,Customer 1771,34.0,Address 1771
1772.0,Customer 1772,22.0,Address 1772
1773.0,Customer 1773,31.0,Address 1773
1774.0,Customer 1774,57.0,Address 1774
,Customer 1775,33.0,Address 1775
1776.0,Customer 1776,25.0,Address 1776
,Customer 1777,21.0,Address 1777
1778.0,Customer 1778,44.0,Address 1778
1779.0,Customer 1779,49.0,Address 1779
1780.0,Customer 1780,63.0,Address 1780
1781.0,Customer 1781,27.0,Address 1781
,Customer 1782,29.0,Address 1782
,Customer 1783,20.0,Address 1783
1784.0,Customer 1784,61.0,Address 1784
1785.0,,61.0,Address 1785
1786.0,Customer 1786,56.0,Address 1786
1787.0,Customer 1787,52.0,Address 1787
1788.0,Customer 1788,55.0,Address 1788
,Customer 1789,19.0,Address 1789
1790.0,Customer 1790,32.0,Address 1790
1791.0,,34.0,Address 1791
1792.0,Customer 1792,28.0,Address 1792
1793.0,Customer 1793,28.0,Address 1793
1794.0,Customer 1794,64.0,Address 1794
1795.0,Customer 1795,27.0,Address 1795
1796.0,Customer 1796,36.0,
1797.0,Customer 1797,49.0,Address 1797
1798.0,Customer 1798,61.0,Address 1798
1799.0,,24.0,
1800.0,Customer 1800,37.0,Address 1800
1801.0,Customer 1801,53.0,Address 1801
1802.0,Customer 1802,48.0,Address 1802
1803.0,Customer 1803,20.0,Address 1803
1804.0,Customer 1804,23.0,Address 1804
1805.0,Customer 1805,19.0,Address 1805
1806.0,Customer 1806,60.0,Address 1806
1807.0,Customer 1807,23.0,Address 1807
1808.0,Customer 1808,,
1809.0,Customer 1809,58.0,Address 1809
1810.0,,63.0,Address 1810
1811.0,Customer 1811,61.0,Address 1811
,Customer 1812,59.0,Address 1812
1813.0,Customer 1813,22.0,
1814.0,Customer 1814,19.0,Address 1814
1815.0,Customer 1815,,Address 1815
1816.0,Customer 1816,28.0,Address 1816
1817.0,Customer 1817,43.0,Address 1817
1818.0,Customer 1818,51.0,
,Customer 1819,64.0,
1820.0,Customer 1820,42.0,Address 1820
1821.0,Customer 1821,34.0,Address 1821
1822.0,Customer 1822,49.0,Address 1822
1823.0,Customer 1823,50.0,Address 1823
1824.0,Customer 1824,29.0,Address 1824
1825.0,Customer 1825,26.0,Address 1825
1826.0,Customer 1826,41.0,Address 1826
,Customer 1827,63.0,Address 1827
1828.0,,42.0,Address 1828
1829.0,Customer 1829,59.0,Address 1829
1830.0,Customer 1830,30.0,Address 1830
1831.0,Customer 1831,,Address 1831
1832.0,Customer 1832,48.0,Address 1832
1833.0,Customer 1833,60.0,Address 1833
1834.0,Customer 1834,64.0,Address 1834
1835.0,Customer 1835,50.0,Address 1835
1836.0,Customer 1836,60.0,Address 1836
1837.0,Customer 1837,34.0,Address 1837
1838.0,Customer 1838,64.0,Address 1838
1839.0,Customer 1839,51.0,Address 1839
1840.0,Customer 1840,58.0,Address 1840
1841.0,Customer 1841,27.0,Address 1841
1842.0,,56.0,Address 1842
1843.0,Customer 1843,22.0,Address 1843
1844.0,Customer 1844,56.0,Address 1844
1845.0,Customer 1845,38.0,Address 1845
1846.0,Customer 1846,41.0,Address 1846
1847.0,Customer 1847,30.0,Address 1847
1848.0,Customer 1848,63.0,Address 1848
1849.0,Customer 1849,27.0,Address 1849
1850.0,Customer 1850,49.0,Address 1850
1851.0,Customer 1851,21.0,Address 1851
1852.0,Customer 1852,53.0,Address 1852
1853.0,Customer 1853,58.0,Address 1853
1854.0,Customer 1854,55.0,Address 1854
1855.0,Customer 1855,59.0,Address 1855
1856.0,,27.0,Address 1856
1857.0,Customer 1857,55.0,Address 1857
1858.0,Customer 1858,20.0,Address 1858
1859.0,Customer 1859,21.0,Address 1859
1860.0,Customer 1860,47.0,Address 1860
1861.0,Customer 1861,61.0,Address 1861
1862.0,Customer 1862,18.0,Address 1862
1863.0,Customer 1863,,Address 1863
1864.0,Customer 1864,57.0,Address 1864
1865.0,Customer 1865,64.0,
1866.0,Customer 1866,24.0,Address 1866
1867.0,Customer 1867,49.0,Address 1867
1868.0,Customer 1868,30.0,Address 1868
,Customer 1869,31.0,Address 1869
,Customer 1870,59.0,Address 1870
1871.0,Customer 1871,36.0,Address 1871
1872.0,Customer 1872,61.0,Address 1872
1873.0,Customer 1873,19.0,Address 1873
1874.0,Customer 1874,53.0,Address 1874
,Customer 1875,19.0,Address 1875
1876.0,Customer 1876,20.0,Address 1876
1877.0,Customer 1877,57.0,Address 1877
1878.0,Customer 1878,43.0,
1879.0,Customer 1879,54.0,Address 1879
,Customer 1880,,Address 1880
1881.0,Customer 1881,53.0,Address 1881
,Customer 1882,53.0,Address 1882
1883.0,,24.0,Address 1883
1884.0,Customer 1884,32.0,
1885.0,Customer 1885,50.0,Address 1885
1886.0,Customer 1886,55.0,Address 1886
1887.0,Customer 1887,40.0,Address 1887
,Customer 1888,,Address 1888
1889.0,Customer 1889,55.0,Address 1889
1890.0,Customer 1890,63.0,Address 1890
1891.0,Customer 1891,26.0,Address 1891
1892.0,Customer 1892,,
1893.0,Customer 1893,64.0,Address 1893
1894.0,Customer 1894,,Address 1894
1895.0,Customer 1895,18.0,Address 1895
1896.0,Customer 1896,54.0,Address 1896
1897.0,,33.0,
1898.0,Customer 1898,19.0,
1899.0,Customer 1899,52.0,Address 1899
1900.0,Customer 1900,59.0,Address 1900
1901.0,Customer 1901,,Address 1901
1902.0,Customer 1902,59.0,Address 1902
1903.0,Customer 1903,,Address 1903
,Customer 1904,26.0,Address 1904
1905.0,Customer 1905,37.0,Address 1905
1906.0,Customer 1906,,Address 1906
1907.0,Customer 1907,32.0,Address 1907
1908.0,Customer 1908,64.0,
1909.0,Customer 1909,51.0,Address 1909
1910.0,Customer 1910,20.0,Address 1910
1911.0,Customer 1911,45.0,Address 1911
1912.0,Customer 1912,53.0,Address 1912
1913.0,Customer 1913,39.0,Address 1913
1914.0,Customer 1914,29.0,Address 1914
1915.0,Customer 1915,60.0,Address 1915
1916.0,Customer 1916,,
1917.0,Customer 1917,25.0,Address 1917
1918.0,Customer 1918,49.0,Address 1918
1919.0,Customer 1919,56.0,Address 1919
1920.0,Customer 1920,57.0,Address 1920
1921.0,Customer 1921,29.0,Address 1921
1922.0,Customer 1922,30.0,
1923.0,,57.0,Address 1923
1924.0,Customer 1924,19.0,Address 1924
,Customer 1925,52.0,Address 1925
1926.0,Customer 1926,31.0,Address 1926
1927.0,Customer 1927,25.0,Address 1927
1928.0,Customer 1928,32.0,
1929.0,Customer 1929,53.0,Address 1929
1930.0,Customer 1930,20.0,Address 1930
,Customer 1931,40.0,Address 1931
1932.0,Customer 1932,29.0,Address 1932
1933.0,Customer 1933,53.0,Address 1933
1934.0,,62.0,Address 1934
1935.0,Customer 1935,40.0,Address 1935
,Customer 1936,20.0,Address 1936
1937.0,,60.0,Address 1937
1938.0,Customer 1938,39.0,Address 1938
1939.0,Customer 1939,25.0,Address 1939
1940.0,Customer 1940,44.0,Address 1940
1941.0,Customer 1941,51.0,Address 1941
1942.0,Customer 1942,46.0,Address 1942
,Customer 1943,25.0,Address 1943
1944.0,Customer 1944,18.0,Address 1944
1945.0,Customer 1945,62.0,Address 1945
1946.0,Customer 1946,51.0,Address 1946
1947.0,Customer 1947,25.0,Address 1947
1948.0,,20.0,Address 1948
,Customer 1949,33.0,Address 1949
1950.0,Customer 1950,39.0,Address 1950
,Customer 1951,,Address 1951
1952.0,Customer 1952,,Address 1952
1953.0,Customer 1953,58.0,
1954.0,Customer 1954,56.0,Address 1954
1955.0,Customer 1955,,Address 1955
1956.0,Customer 1956,60.0,Address 1956
1957.0,Customer 1957,,Address 1957
1958.0,,27.0,Address 1958
1959.0,Customer 1959,56.0,Address 1959
1960.0,Customer 1960,64.0,Address 1960
1961.0,,26.0,Address 1961
1962.0,Customer 1962,43.0,Address 1962
1963.0,Customer 1963,23.0,Address 1963
,,34.0,Address 1964
1965.0,Customer 1965,,Address 1965
1966.0,Customer 1966,19.0,
1967.0,Customer 1967,,Address 1967
1968.0,Customer 1968,18.0,Address 1968
1969.0,Customer 1969,54.0,Address 1969
1970.0,,51.0,Address 1970
1971.0,Customer 1971,37.0,Address 1971
1972.0,Customer 1972,,Address 1972
1973.0,Customer 1973,,Address 1973
1974.0,Customer 1974,28.0,Address 1974
1975.0,Customer 1975,26.0,Address 1975
1976.0,,58.0,Address 1976
,Customer 1977,20.0,
1978.0,Customer 1978,18.0,Address 1978
1979.0,Customer 1979,46.0,Address 1979
1980.0,Customer 1980,21.0,Address 1980
1981.0,Customer 1981,20.0,Address 1981
1982.0,Customer 1982,53.0,Address 1982
1983.0,Customer 1983,60.0,Address 1983
1984.0,Customer 1984,33.0,Address 1984
,Customer 1985,,Address 1985
1986.0,Customer 1986,49.0,Address 1986
,Customer 1987,,Address 1987
1988.0,,30.0,Address 1988
1989.0,Customer 1989,28.0,Address 1989
1990.0,Customer 1990,25.0,Address 1990
1991.0,Customer 1991,53.0,Address 1991
1992.0,Customer 1992,63.0,Address 1992
1993.0,Customer 1993,25.0,Address 1993
1994.0,Customer 1994,61.0,Address 1994
1995.0,Customer 1995,39.0,Address 1995
1996.0,,19.0,Address 1996
,Customer 1997,24.0,Address 1997
1998.0,Customer 1998,47.0,Address 1998
1999.0,,62.0,Address 1999
2000.0,Customer 2000,61.0,Address 2000
2001.0,Customer 2001,45.0,Address 2001
2002.0,Customer 2002,55.0,Address 2002
2003.0,Customer 2003,34.0,Address 2003
2004.0,Customer 2004,57.0,Address 2004
2005.0,Customer 2005,47.0,Address 2005
2006.0,Customer 2006,,Address 2006
2007.0,Customer 2007,,Address 2007
2008.0,Customer 2008,32.0,Address 2008
,,21.0,Address 2009
2010.0,,26.0,Address 2010
2011.0,Customer 2011,30.0,Address 2011
2012.0,Customer 2012,35.0,Address 2012
2013.0,Customer 2013,51.0,Address 2013
2014.0,Customer 2014,50.0,Address 2014
2015.0,Customer 2015,59.0,Address 2015
,Customer 2016,60.0,Address 2016
2017.0,Customer 2017,22.0,Address 2017
2018.0,Customer 2018,23.0,Address 2018
2019.0,Customer 2019,44.0,Address 2019
2020.0,Customer 2020,34.0,Address 2020
2021.0,Customer 2021,31.0,Address 2021
2022.0,Customer 2022,35.0,Address 2022
2023.0,Customer 2023,41.0,Address 2023
2024.0,Customer 2024,53.0,Address 2024
2025.0,Customer 2025,51.0,Address 2025
2026.0,Customer 2026,49.0,Address 2026
2027.0,Customer 2027,22.0,Address 2027
,Customer 2028,19.0,Address 2028
2029.0,Customer 2029,23.0,Address 2029
,Customer 2030,39.0,Address 2030
2031.0,Customer 2031,,Address 2031
2032.0,Customer 2032,33.0,
2033.0,Customer 2033,64.0,Address 2033
2034.0,Customer 2034,61.0,
2035.0,Customer 2035,,
2036.0,Customer 2036,53.0,Address 2036
2037.0,Customer 2037,,Address 2037
2038.0,Customer 2038,43.0,
2039.0,Customer 2039,31.0,Address 2039
2040.0,Customer 2040,54.0,Address 2040
2041.0,Customer 2041,28.0,Address 2041
,Customer 2042,34.0,Address 2042
2043.0,,43.0,Address 2043
,Customer 2044,38.0,Address 2044
2045.0,Customer 2045,50.0,Address 2045
2046.0,Customer 2046,22.0,Address 2046
2047.0,Customer 2047,53.0,Address 2047
2048.0,Customer 2048,62.0,Address 2048
2049.0,Customer 2049,63.0,Address 2049
2050.0,Customer 2050,47.0,
2051.0,Customer 2051,31.0,Address 2051
2052.0,Customer 2052,30.0,Address 2052
2053.0,,48.0,Address 2053
2054.0,Customer 2054,58.0,Address 2054
2055.0,Customer 2055,,Address 2055
2056.0,Customer 2056,48.0,Address 2056
2057.0,Customer 2057,55.0,Address 2057
2058.0,Customer 2058,42.0,Address 2058
2059.0,Customer 2059,40.0,Address 2059
2060.0,Customer 2060,62.0,Address 2060
2061.0,Customer 2061,21.0,Address 2061
,,49.0,Address 2062
2063.0,Customer 2063,53.0,Address 2063
2064.0,Customer 2064,,Address 2064
2065.0,Customer 2065,42.0,Address 2065
2066.0,Customer 2066,18.0,Address 2066
2067.0,Customer 2067,51.0,Address 2067
2068.0,Customer 2068,48.0,
2069.0,Customer 2069,40.0,
2070.0,Customer 2070,63.0,Address 2070
2071.0,Customer 2071,40.0,Address 2071
2072.0,Customer 2072,53.0,Address 2072
,,29.0,Address 2073
,Customer 2074,21.0,Address 2074
2075.0,Customer 2075,50.0,Address 2075
2076.0,,27.0,Address 2076
2077.0,Customer 2077,61.0,
2078.0,Customer 2078,41.0,Address 2078
2079.0,Customer 2079,36.0,Address 2079
2080.0,Customer 2080,44.0,Address 2080
2081.0,Customer 2081,24.0,Address 2081
2082.0,Customer 2082,,
2083.0,Customer 2083,22.0,Address 2083
2084.0,Customer 2084,,Address 2084
2085.0,Customer 2085,59.0,Address 2085
2086.0,Customer 2086,62.0,Address 2086
2087.0,Customer 2087,56.0,Address 2087
2088.0,Customer 2088,41.0,Address 2088
2089.0,Customer 2089,30.0,Address 2089
2090.0,Customer 2090,49.0,Address 2090
2091.0,Customer 2091,52.0,
2092.0,Customer 2092,63.0,Address 2092
2093.0,Customer 2093,35.0,Address 2093
2094.0,Customer 2094,21.0,Address 2094
2095.0,Customer 2095,24.0,Address 2095
,,,Address 2096
2097.0,,29.0,Address 2097
,Customer 2098,28.0,Address 2098
2099.0,,54.0,Address 2099
2100.0,Customer 2100,59.0,Address 2100
2101.0,Customer 2101,38.0,Address 2101
2102.0,Customer 2102,24.0,Address 2102
2103.0,,50.0,Address 2103
2104.0,Customer 2104,54.0,Address 2104
2105.0,Customer 2105,42.0,Address 2105
2106.0,Customer 2106,56.0,Address 2106
,Customer 2107,,Address 2107
2108.0,Customer 2108,52.0,Address 2108
2109.0,Customer 2109,62.0,Address 2109
2110.0,,32.0,Address 2110
2111.0,Customer 2111,56.0,Address 2111
,Customer 2112,33.0,Address 2112
2113.0,Customer 2113,35.0,Address 2113
2114.0,Customer 2114,41.0,Address 2114
2115.0,Customer 2115,52.0,Address 2115
2116.0,Customer 2116,22.0,Address 2116
2117.0,Customer 2117,54.0,Address 2117
2118.0,Customer 2118,44.0,Address 2118
2119.0,Customer 2119,63.0,Address 2119
2120.0,Customer 2120,54.0,Address 2120
2121.0,Customer 2121,41.0,Address 2121
2122.0,,53.0,Address 2122
2123.0,Customer 2123,61.0,Address 2123
2124.0,Customer 2124,63.0,Address 2124
2125.0,Customer 2125,30.0,Address 2125
,Customer 2126,55.0,Address 2126
2127.0,Customer 2127,44.0,Address 2127
2128.0,Customer 2128,19.0,Address 2128
2129.0,Customer 2129,,Address 2129
,Customer 2130,37.0,Address 2130
2131.0,Customer 2131,37.0,Address 2131
2132.0,Customer 2132,25.0,Address 2132
2133.0,Customer 2133,,Address 2133
2134.0,Customer 2134,61.0,Address 2134
2135.0,Customer 2135,43.0,Address 2135
2136.0,Customer 2136,,Address 2136
2137.0,Customer 2137,18.0,Address 2137
2138.0,Customer 2138,42.0,Address 2138
2139.0,Customer 2139,40.0,Address 2139
2140.0,Customer 2140,41.0,Address 2140
2141.0,Customer 2141,37.0,Address 2141
2142.0,Customer 2142,31.0,Address 2142
2143.0,Customer 2143,36.0,Address 2143
2144.0,Customer 2144,,Address 2144
,Customer 2145,29.0,Address 2145
2146.0,Customer 2146,48.0,Address 2146
2147.0,Customer 2147,,Address 2147
2148.0,Customer 2148,28.0,Address 2148
2149.0,Customer 2149,24.0,Address 2149
2150.0,Customer 2150,61.0,Address 2150
2151.0,Customer 2151,21.0,Address 2151
2152.0,Customer 2152,28.0,Address 2152
2153.0,Customer 2153,21.0,
2154.0,Customer 2154,24.0,Address 2154
2155.0,Customer 2155,26.0,Address 2155
2156.0,,37.0,Address 2156
2157.0,Customer 2157,47.0,Address 2157
2158.0,,56.0,Address 2158
2159.0,Customer 2159,46.0,Address 2159
2160.0,Customer 2160,,Address 2160
2161.0,Customer 2161,19.0,Address 2161
2162.0,,60.0,Address 2162
2163.0,Customer 2163,,
2164.0,Customer 2164,,Address 2164
2165.0,Customer 2165,,Address 2165
2166.0,Customer 2166,54.0,
2167.0,,57.0,
2168.0,Customer 2168,39.0,Address 2168
2169.0,Customer 2169,36.0,Address 2169
2170.0,Customer 2170,56.0,Address 2170
2171.0,Customer 2171,,Address 2171
,Customer 2172,41.0,Address 2172
2173.0,Customer 2173,52.0,Address 2173
2174.0,Customer 2174,29.0,Address 2174
2175.0,Customer 2175,32.0,Address 2175
2176.0,Customer 2176,44.0,
2177.0,Customer 2177,45.0,Address 2177
,Customer 2178,35.0,Address 2178
2179.0,Customer 2179,60.0,Address 2179
2180.0,Customer 2180,38.0,Address 2180
2181.0,Customer 2181,,Address 2181
2182.0,Customer 2182,47.0,Address 2182
,Customer 2183,30.0,
2184.0,Customer 2184,,
2185.0,Customer 2185,29.0,Address 2185
,Customer 2186,63.0,Address 2186
,Customer 2187,47.0,Address 2187
2188.0,Customer 2188,39.0,Address 2188
2189.0,Customer 2189,37.0,Address 2189
2190.0,Customer 2190,63.0,Address 2190
2191.0,Customer 2191,49.0,Address 2191
2192.0,Customer 2192,20.0,Address 2192
2193.0,Customer 2193,44.0,Address 2193
2194.0,Customer 2194,41.0,Address 2194
2195.0,Customer 2195,59.0,Address 2195
2196.0,Customer 2196,29.0,Address 2196
2197.0,Customer 2197,18.0,Address 2197
2198.0,Customer 2198,41.0,Address 2198
2199.0,Customer 2199,59.0,Address 2199
2200.0,Customer 2200,18.0,Address 2200
2201.0,Customer 2201,,Address 2201
2202.0,Customer 2202,29.0,Address 2202
2203.0,Customer 2203,38.0,Address 2203
2204.0,Customer 2204,49.0,Address 2204
2205.0,Customer 2205,26.0,Address 2205
2206.0,Customer 2206,28.0,Address 2206
,Customer 2207,36.0,Address 2207
2208.0,Customer 2208,21.0,Address 2208
,Customer 2209,22.0,Address 2209
2210.0,Customer 2210,,Address 2210
2211.0,Customer 2211,53.0,Address 2211
2212.0,Customer 2212,31.0,Address 2212
2213.0,Customer 2213,46.0,Address 2213
,Customer 2214,60.0,Address 2214
2215.0,Customer 2215,,Address 2215
2216.0,Customer 2216,58.0,Address 2216
2217.0,Customer 2217,32.0,Address 2217
2218.0,Customer 2218,46.0,Address 2218
2219.0,Customer 2219,62.0,Address 2219
2220.0,Customer 2220,35.0,Address 2220
2221.0,Customer 2221,63.0,
2222.0,Customer 2222,47.0,Address 2222
2223.0,Customer 2223,41.0,Address 2223
,Customer 2224,52.0,Address 2224
2225.0,,23.0,Address 2225
2226.0,Customer 2226,41.0,Address 2226
2227.0,,35.0,Address 2227
2228.0,Customer 2228,53.0,Address 2228
2229.0,Customer 2229,43.0,Address 2229
,Customer 2230,41.0,
2231.0,Customer 2231,59.0,Address 2231
2232.0,Customer 2232,59.0,Address 2232
2233.0,Customer 2233,35.0,
2234.0,Customer 2234,,Address 2234
2235.0,Customer 2235,25.0,Address 2235
,,34.0,Address 2236
2237.0,Customer 2237,42.0,Address 2237
2238.0,Customer 2238,53.0,Address 2238
,Customer 2239,26.0,Address 2239
2240.0,Customer 2240,18.0,Address 2240
2241.0,Customer 2241,62.0,Address 2241
2242.0,Customer 2242,57.0,Address 2242
2243.0,Customer 2243,35.0,Address 2243
2244.0,Customer 2244,20.0,Address 2244
2245.0,Customer 2245,45.0,Address 2245
2246.0,Customer 2246,45.0,Address 2246
2247.0,Customer 2247,60.0,Address 2247
2248.0,Customer 2248,62.0,Address 2248
2249.0,Customer 2249,62.0,Address 2249
2250.0,Customer 2250,39.0,Address 2250
2251.0,Customer 2251,54.0,Address 2251
2252.0,Customer 2252,,Address 2252
2253.0,Customer 2253,39.0,
2254.0,Customer 2254,26.0,
,Customer 2255,29.0,Address 2255
2256.0,Customer 2256,40.0,Address 2256
2257.0,Customer 2257,38.0,
2258.0,Customer 2258,,Address 2258
2259.0,Customer 2259,54.0,
2260.0,Customer 2260,41.0,Address 2260
2261.0,Customer 2261,23.0,Address 2261
2262.0,Customer 2262,34.0,Address 2262
2263.0,Customer 2263,53.0,Address 2263
2264.0,Customer 2264,50.0,
2265.0,,34.0,Address 2265
2266.0,Customer 2266,,Address 2266
2267.0,Customer 2267,46.0,Address 2267
2268.0,Customer 2268,58.0,Address 2268
2269.0,Customer 2269,40.0,Address 2269
2270.0,Customer 2270,,Address 2270
2271.0,Customer 2271,52.0,Address 2271
2272.0,Customer 2272,51.0,
2273.0,,58.0,Address 2273
2274.0,Customer 2274,39.0,Address 2274
2275.0,Customer 2275,23.0,Address 2275
2276.0,Customer 2276,32.0,
2277.0,Customer 2277,26.0,Address 2277
2278.0,Customer 2278,44.0,Address 2278
2279.0,Customer 2279,46.0,Address 2279
2280.0,,64.0,Address 2280
2281.0,Customer 2281,62.0,Address 2281
2282.0,,51.0,Address 2282
2283.0,Customer 2283,,Address 2283
,Customer 2284,48.0,Address 2284
,Customer 2285,49.0,Address 2285
2286.0,Customer 2286,26.0,Address 2286
,Customer 2287,,Address 2287
2288.0,Customer 2288,55.0,Address 2288
,Customer 2289,46.0,
2290.0,Customer 2290,56.0,Address 2290
2291.0,Customer 2291,51.0,Address 2291
2292.0,,50.0,Address 2292
2293.0,Customer 2293,19.0,Address 2293
2294.0,,32.0,Address 2294
2295.0,Customer 2295,30.0,Address 2295
2296.0,,43.0,Address 2296
2297.0,,64.0,
2298.0,Customer 2298,23.0,Address 2298
2299.0,Customer 2299,,Address 2299
2300.0,Customer 2300,37.0,Address 2300
2301.0,Customer 2301,27.0,Address 2301
2302.0,Customer 2302,45.0,
,Customer 2303,45.0,Address 2303
2304.0,Customer 2304,20.0,Address 2304
2305.0,Customer 2305,50.0,Address 2305
2306.0,Customer 2306,19.0,Address 2306
2307.0,Customer 2307,33.0,Address 2307
2308.0,,58.0,Address 2308
2309.0,Customer 2309,35.0,Address 2309
2310.0,Customer 2310,27.0,Address 2310
2311.0,Customer 2311,,Address 2311
2312.0,Customer 2312,44.0,Address 2312
2313.0,,18.0,Address 2313
2314.0,Customer 2314,59.0,Address 2314
2315.0,Customer 2315,49.0,Address 2315
2316.0,Customer 2316,22.0,Address 2316
2317.0,Customer 2317,25.0,Address 2317
2318.0,Customer 2318,58.0,Address 2318
2319.0,,23.0,Address 2319
2320.0,Customer 2320,,
2321.0,Customer 2321,19.0,Address 2321
2322.0,Customer 2322,54.0,Address 2322
2323.0,Customer 2323,,
2324.0,Customer 2324,56.0,Address 2324
,Customer 2325,60.0,Address 2325
2326.0,Customer 2326,34.0,Address 2326
2327.0,Customer 2327,,Address 2327
2328.0,Customer 2328,,Address 2328
,Customer 2329,55.0,Address 2329
2330.0,Customer 2330,41.0,Address 2330
2331.0,Customer 2331,32.0,Address 2331
2332.0,Customer 2332,32.0,Address 2332
2333.0,Customer 2333,42.0,Address 2333
2334.0,Customer 2334,31.0,Address 2334
2335.0,Customer 2335,63.0,Address 2335
,Customer 2336,64.0,
2337.0,Customer 2337,24.0,
2338.0,Customer 2338,51.0,Address 2338
2339.0,Customer 2339,30.0,Address 2339
,Customer 2340,25.0,Address 2340
,Customer 2341,24.0,Address 2341
2342.0,Customer 2342,36.0,Address 2342
2343.0,Customer 2343,34.0,Address 2343
2344.0,Customer 2344,43.0,Address 2344
2345.0,Customer 2345,19.0,Address 2345
2346.0,Customer 2346,36.0,Address 2346
2347.0,Customer 2347,58.0,Address 2347
2348.0,Customer 2348,59.0,Address 2348
2349.0,Customer 2349,54.0,Address 2349
2350.0,Customer 2350,39.0,Address 2350
,Customer 2351,43.0,Address 2351
2352.0,Customer 2352,,Address 2352
2353.0,Customer 2353,60.0,Address 2353
2354.0,Customer 2354,33.0,Address 2354
2355.0,Customer 2355,59.0,Address 2355
2356.0,Customer 2356,22.0,Address 2356
2357.0,Customer 2357,24.0,Address 2357
,Customer 2358,41.0,Address 2358
2359.0,Customer 2359,57.0,Address 2359
2360.0,Customer 2360,58.0,Address 2360
2361.0,Customer 2361,,Address 2361
2362.0,Customer 2362,59.0,Address 2362
2363.0,Customer 2363,54.0,Address 2363
2364.0,Customer 2364,58.0,Address 2364
2365.0,Customer 2365,46.0,
2366.0,Customer 2366,,
2367.0,Customer 2367,31.0,Address 2367
2368.0,Customer 2368,64.0,Address 2368
2369.0,Customer 2369,39.0,Address 2369
2370.0,Customer 2370,29.0,Address 2370
,Customer 2371,31.0,Address 2371
2372.0,Customer 2372,21.0,Address 2372
2373.0,,48.0,Address 2373
2374.0,Customer 2374,,Address 2374
2375.0,Customer 2375,60.0,Address 2375
,,43.0,
2377.0,Customer 2377,54.0,
2378.0,,48.0,
2379.0,Customer 2379,54.0,Address 2379
,Customer 2380,63.0,
2381.0,Customer 2381,63.0,Address 2381
2382.0,Customer 2382,30.0,Address 2382
,Customer 2383,53.0,Address 2383
,Customer 2384,57.0,Address 2384
2385.0,Customer 2385,42.0,
2386.0,Customer 2386,36.0,Address 2386
,Customer 2387,51.0,Address 2387
,Customer 2388,,Address 2388
2389.0,Customer 2389,26.0,Address 2389
2390.0,Customer 2390,42.0,Address 2390
2391.0,Customer 2391,62.0,Address 2391
2392.0,Customer 2392,60.0,Address 2392
2393.0,Customer 2393,56.0,Address 2393
2394.0,Customer 2394,29.0,Address 2394
2395.0,,57.0,Address 2395
2396.0,Customer 2396,48.0,Address 2396
2397.0,Customer 2397,24.0,Address 2397
,Customer 2398,,Address 2398
2399.0,Customer 2399,57.0,Address 2399
2400.0,Customer 2400,44.0,Address 2400
2401.0,Customer 2401,20.0,
,Customer 2402,63.0,Address 2402
2403.0,Customer 2403,61.0,Address 2403
2404.0,Customer 2404,63.0,Address 2404
2405.0,Customer 2405,60.0,
2406.0,Customer 2406,38.0,Address 2406
2407.0,Customer 2407,45.0,Address 2407
2408.0,Customer 2408,46.0,Address 2408
2409.0,Customer 2409,26.0,Address 2409
,Customer 2410,46.0,Address 2410
2411.0,Customer 2411,31.0,Address 2411
2412.0,Customer 2412,30.0,Address 2412
2413.0,Customer 2413,38.0,Address 2413
2414.0,Customer 2414,48.0,Address 2414
2415.0,Customer 2415,59.0,
2416.0,Customer 2416,56.0,Address 2416
2417.0,,18.0,Address 2417
2418.0,Customer 2418,38.0,Address 2418
2419.0,Customer 2419,62.0,Address 2419
2420.0,Customer 2420,34.0,Address 2420
2421.0,Customer 2421,61.0,Address 2421
,Customer 2422,49.0,
2423.0,Customer 2423,61.0,Address 2423
2424.0,Customer 2424,30.0,Address 2424
2425.0,,37.0,Address 2425
2426.0,Customer 2426,,Address 2426
2427.0,Customer 2427,43.0,Address 2427
2428.0,Customer 2428,21.0,Address 2428
2429.0,Customer 2429,57.0,
2430.0,Customer 2430,31.0,Address 2430
,Customer 2431,51.0,Address 2431
2432.0,,58.0,Address 2432
2433.0,Customer 2433,32.0,Address 2433
2434.0,Customer 2434,56.0,Address 2434
2435.0,Customer 2435,21.0,Address 2435
2436.0,Customer 2436,,Address 2436
,Customer 2437,33.0,
2438.0,,42.0,Address 2438
2439.0,Customer 2439,34.0,Address 2439
2440.0,Customer 2440,,Address 2440
2441.0,Customer 2441,20.0,Address 2441
2442.0,Customer 2442,58.0,Address 2442
2443.0,Customer 2443,60.0,Address 2443
2444.0,Customer 2444,52.0,Address 2444
,Customer 2445,38.0,
2446.0,,53.0,Address 2446
2447.0,Customer 2447,49.0,Address 2447
2448.0,Customer 2448,21.0,Address 2448
2449.0,Customer 2449,48.0,Address 2449
2450.0,Customer 2450,34.0,Address 2450
,Customer 2451,29.0,
2452.0,Customer 2452,41.0,Address 2452
2453.0,Customer 2453,,Address 2453
2454.0,Customer 2454,51.0,Address 2454
2455.0,Customer 2455,19.0,Address 2455
2456.0,Customer 2456,48.0,Address 2456
2457.0,Customer 2457,62.0,Address 2457
2458.0,Customer 2458,41.0,Address 2458
2459.0,Customer 2459,45.0,Address 2459
,Customer 2460,41.0,Address 2460
2461.0,Customer 2461,25.0,Address 2461
2462.0,Customer 2462,60.0,Address 2462
2463.0,Customer 2463,18.0,Address 2463
2464.0,Customer 2464,62.0,Address 2464
2465.0,Customer 2465,54.0,Address 2465
2466.0,Customer 2466,32.0,Address 2466
2467.0,Customer 2467,23.0,
2468.0,Customer 2468,63.0,Address 2468
2469.0,Customer 2469,62.0,Address 2469
,Customer 2470,34.0,
2471.0,Customer 2471,57.0,Address 2471
2472.0,Customer 2472,28.0,Address 2472
2473.0,Customer 2473,19.0,Address 2473
2474.0,Customer 2474,,Address 2474
2475.0,Customer 2475,35.0,Address 2475
2476.0,Customer 2476,53.0,Address 2476
,Customer 2477,41.0,Address 2477
2478.0,Customer 2478,62.0,Address 2478
2479.0,Customer 2479,42.0,
2480.0,Customer 2480,51.0,Address 2480
2481.0,Customer 2481,52.0,Address 2481
2482.0,Customer 2482,35.0,Address 2482
2483.0,Customer 2483,30.0,Address 2483
2484.0,Customer 2484,40.0,Address 2484
2485.0,Customer 2485,39.0,Address 2485
2486.0,Customer 2486,23.0,Address 2486
2487.0,Customer 2487,25.0,Address 2487
,Customer 2488,57.0,Address 2488
2489.0,Customer 2489,24.0,Address 2489
,Customer 2490,,Address 2490
2491.0,Customer 2491,24.0,Address 2491
2492.0,Customer 2492,22.0,Address 2492
2493.0,Customer 2493,41.0,Address 2493
2494.0,Customer 2494,63.0,Address 2494
2495.0,Customer 2495,32.0,Address 2495
,Customer 2496,18.0,Address 2496
2497.0,Customer 2497,38.0,Address 2497
2498.0,Customer 2498,25.0,Address 2498
2499.0,Customer 2499,31.0,Address 2499
2500.0,Customer 2500,38.0,
