TransactionID,Category
1,Retail
2,Travel
3,Retail
4,Food
5,Food
6,Food
7,Other
8,Food
9,Online
10,Online
11,Food
12,Online
13,Retail
14,Food
15,Travel
16,Travel
17,Other
18,Retail
19,Travel
20,Retail
21,Retail
22,Retail
23,Retail
24,Food
25,Retail
26,Other
27,Food
28,Online
29,Travel
30,Food
31,Retail
32,Travel
33,Other
34,Food
35,Travel
36,Retail
37,Other
38,Other
39,Retail
40,Retail
41,Other
42,Food
43,Travel
44,Travel
45,Food
46,Travel
47,Other
48,Other
49,Other
50,Online
51,Travel
52,Other
53,Retail
54,Food
55,Food
56,Online
57,Other
58,Food
59,Retail
60,Other
61,Food
62,Food
63,Online
64,Travel
65,Retail
66,Other
67,Travel
68,Travel
69,Food
70,Food
71,Travel
72,Food
73,Food
74,Travel
75,Travel
76,Other
77,Other
78,Online
79,Online
80,Food
81,Food
82,Food
83,Travel
84,Online
85,Travel
86,Other
87,Online
88,Food
89,Travel
90,Food
91,Online
92,Retail
93,Other
94,Online
95,Online
96,Online
97,Other
98,Retail
99,Retail
100,Travel
101,Retail
102,Travel
103,Other
104,Travel
105,Other
106,Travel
107,Online
108,Retail
109,Other
110,Other
111,Other
112,Food
113,Food
114,Travel
115,Travel
116,Travel
117,Online
118,Retail
119,Online
120,Retail
121,Retail
122,Food
123,Travel
124,Food
125,Travel
126,Other
127,Travel
128,Food
129,Retail
130,Food
131,Food
132,Other
133,Travel
134,Retail
135,Other
136,Online
137,Travel
138,Travel
139,Travel
140,Other
141,Travel
142,Other
143,Food
144,Other
145,Food
146,Other
147,Online
148,Travel
149,Food
150,Travel
151,Travel
152,Online
153,Online
154,Travel
155,Online
156,Other
157,Online
158,Retail
159,Retail
160,Food
161,Retail
162,Other
163,Other
164,Retail
165,Travel
166,Travel
167,Other
168,Food
169,Other
170,Other
171,Travel
172,Online
173,Travel
174,Other
175,Online
176,Retail
177,Other
178,Food
179,Other
180,Food
181,Retail
182,Online
183,Food
184,Other
185,Travel
186,Online
187,Other
188,Retail
189,Online
190,Other
191,Other
192,Travel
193,Travel
194,Travel
195,Online
196,Retail
197,Food
198,Food
199,Travel
200,Other
201,Food
202,Retail
203,Online
204,Food
205,Food
206,Food
207,Food
208,Online
209,Retail
210,Food
211,Food
212,Retail
213,Retail
214,Online
215,Travel
216,Online
217,Retail
218,Online
219,Food
220,Food
221,Food
222,Retail
223,Travel
224,Retail
225,Travel
226,Other
227,Online
228,Other
229,Food
230,Retail
231,Travel
232,Food
233,Other
234,Retail
235,Travel
236,Retail
237,Retail
238,Food
239,Travel
240,Other
241,Online
242,Food
243,Retail
244,Travel
245,Online
246,Online
247,Travel
248,Food
249,Retail
250,Online
251,Other
252,Retail
253,Travel
254,Online
255,Other
256,Food
257,Online
258,Food
259,Online
260,Travel
261,Travel
262,Online
263,Retail
264,Food
265,Travel
266,Retail
267,Online
268,Retail
269,Retail
270,Online
271,Travel
272,Retail
273,Travel
274,Travel
275,Online
276,Other
277,Online
278,Other
279,Online
280,Retail
281,Food
282,Travel
283,Retail
284,Online
285,Travel
286,Retail
287,Food
288,Online
289,Other
290,Travel
291,Online
292,Food
293,Food
294,Travel
295,Travel
296,Online
297,Travel
298,Travel
299,Retail
300,Food
301,Retail
302,Food
303,Travel
304,Food
305,Travel
306,Other
307,Travel
308,Retail
309,Online
310,Online
311,Food
312,Other
313,Online
314,Online
315,Retail
316,Other
317,Retail
318,Online
319,Retail
320,Food
321,Food
322,Other
323,Other
324,Online
325,Retail
326,Food
327,Other
328,Travel
329,Travel
330,Retail
331,Food
332,Travel
333,Retail
334,Travel
335,Travel
336,Travel
337,Online
338,Travel
339,Travel
340,Online
341,Online
342,Online
343,Food
344,Food
345,Food
346,Retail
347,Travel
348,Online
349,Travel
350,Food
351,Food
352,Online
353,Retail
354,Other
355,Food
356,Travel
357,Retail
358,Travel
359,Other
360,Other
361,Online
362,Online
363,Retail
364,Travel
365,Online
366,Travel
367,Retail
368,Other
369,Other
370,Travel
371,Retail
372,Food
373,Food
374,Retail
375,Other
376,Other
377,Retail
378,Retail
379,Food
380,Online
381,Travel
382,Retail
383,Online
384,Online
385,Food
386,Online
387,Online
388,Online
389,Travel
390,Other
391,Food
392,Travel
393,Online
394,Travel
395,Retail
396,Travel
397,Food
398,Retail
399,Travel
400,Travel
401,Online
402,Travel
403,Online
404,Retail
405,Retail
406,Travel
407,Travel
408,Retail
409,Other
410,Online
411,Online
412,Retail
413,Other
414,Online
415,Retail
416,Online
417,Travel
418,Online
419,Travel
420,Food
421,Food
422,Online
423,Retail
424,Online
425,Other
426,Retail
427,Online
428,Food
429,Online
430,Retail
431,Travel
432,Food
433,Travel
434,Food
435,Food
436,Other
437,Other
438,Other
439,Other
440,Retail
441,Other
442,Other
443,Online
444,Online
445,Retail
446,Food
447,Online
448,Food
449,Other
450,Online
451,Food
452,Travel
453,Online
454,Online
455,Retail
456,Food
457,Travel
458,Food
459,Travel
460,Food
461,Online
462,Other
463,Travel
464,Travel
465,Other
466,Travel
467,Other
468,Online
469,Retail
470,Retail
471,Retail
472,Retail
473,Travel
474,Food
475,Online
476,Other
477,Other
478,Travel
479,Online
480,Online
481,Retail
482,Other
483,Food
484,Online
485,Travel
486,Other
487,Other
488,Retail
489,Food
490,Other
491,Food
492,Other
493,Travel
494,Food
495,Online
496,Online
497,Other
498,Online
499,Retail
500,Online
501,Retail
502,Food
503,Retail
504,Retail
505,Travel
506,Travel
507,Travel
508,Travel
509,Other
510,Travel
511,Retail
512,Other
513,Retail
514,Food
515,Other
516,Online
517,Online
518,Retail
519,Retail
520,Other
521,Online
522,Online
523,Online
524,Online
525,Retail
526,Food
527,Travel
528,Online
529,Travel
530,Other
531,Online
532,Retail
533,Food
534,Food
535,Other
536,Food
537,Online
538,Online
539,Retail
540,Other
541,Retail
542,Retail
543,Retail
544,Online
545,Other
546,Online
547,Online
548,Online
549,Online
550,Other
551,Other
552,Retail
553,Food
554,Online
555,Online
556,Retail
557,Online
558,Food
559,Food
560,Food
561,Online
562,Retail
563,Other
564,Online
565,Travel
566,Food
567,Retail
568,Online
569,Online
570,Other
571,Travel
572,Online
573,Food
574,Retail
575,Travel
576,Retail
577,Retail
578,Retail
579,Food
580,Travel
581,Retail
582,Retail
583,Retail
584,Online
585,Food
586,Other
587,Travel
588,Online
589,Food
590,Retail
591,Food
592,Online
593,Retail
594,Online
595,Food
596,Travel
597,Other
598,Travel
599,Other
600,Other
601,Other
602,Travel
603,Travel
604,Other
605,Online
606,Food
607,Travel
608,Travel
609,Retail
610,Retail
611,Other
612,Retail
613,Travel
614,Other
615,Retail
616,Other
617,Retail
618,Other
619,Retail
620,Travel
621,Other
622,Food
623,Travel
624,Travel
625,Travel
626,Food
627,Travel
628,Retail
629,Other
630,Other
631,Food
632,Retail
633,Online
634,Other
635,Other
636,Travel
637,Other
638,Retail
639,Food
640,Retail
641,Travel
642,Online
643,Travel
644,Food
645,Retail
646,Retail
647,Retail
648,Retail
649,Travel
650,Retail
651,Food
652,Other
653,Retail
654,Food
655,Food
656,Retail
657,Other
658,Retail
659,Food
660,Retail
661,Other
662,Retail
663,Retail
664,Online
665,Other
666,Online
667,Food
668,Other
669,Travel
670,Travel
671,Food
672,Travel
673,Other
674,Travel
675,Travel
676,Food
677,Food
678,Retail
679,Online
680,Other
681,Online
682,Other
683,Online
684,Travel
685,Food
686,Other
687,Other
688,Food
689,Retail
690,Food
691,Online
692,Other
693,Retail
694,Retail
695,Food
696,Online
697,Other
698,Other
699,Travel
700,Online
701,Travel
702,Food
703,Other
704,Retail
705,Food
706,Online
707,Retail
708,Other
709,Travel
710,Travel
711,Travel
712,Online
713,Travel
714,Travel
715,Other
716,Travel
717,Travel
718,Travel
719,Retail
720,Travel
721,Online
722,Other
723,Travel
724,Travel
725,Online
726,Travel
727,Food
728,Other
729,Travel
730,Other
731,Travel
732,Retail
733,Food
734,Other
735,Retail
736,Online
737,Online
738,Other
739,Other
740,Travel
741,Other
742,Travel
743,Travel
744,Online
745,Retail
746,Online
747,Food
748,Online
749,Travel
750,Other
751,Retail
752,Food
753,Other
754,Travel
755,Retail
756,Food
757,Online
758,Food
759,Online
760,Other
761,Retail
762,Other
763,Travel
764,Travel
765,Other
766,Retail
767,Food
768,Food
769,Travel
770,Travel
771,Online
772,Travel
773,Online
774,Online
775,Retail
776,Travel
777,Travel
778,Retail
779,Online
780,Other
781,Food
782,Online
783,Travel
784,Retail
785,Online
786,Travel
787,Food
788,Travel
789,Travel
790,Other
791,Retail
792,Food
793,Online
794,Other
795,Retail
796,Food
797,Food
798,Retail
799,Other
800,Travel
801,Online
802,Food
803,Retail
804,Travel
805,Retail
806,Travel
807,Travel
808,Retail
809,Other
810,Other
811,Food
812,Online
813,Travel
814,Retail
815,Other
816,Retail
817,Retail
818,Online
819,Other
820,Food
821,Other
822,Online
823,Retail
824,Other
825,Other
826,Online
827,Food
828,Retail
829,Other
830,Online
831,Online
832,Other
833,Other
834,Other
835,Other
836,Food
837,Travel
838,Food
839,Retail
840,Online
841,Retail
842,Food
843,Food
844,Retail
845,Other
846,Online
847,Other
848,Travel
849,Other
850,Travel
851,Retail
852,Retail
853,Retail
854,Food
855,Food
856,Retail
857,Travel
858,Online
859,Other
860,Other
861,Online
862,Food
863,Retail
864,Other
865,Travel
866,Travel
867,Online
868,Travel
869,Online
870,Retail
871,Online
872,Other
873,Online
874,Food
875,Food
876,Retail
877,Travel
878,Food
879,Online
880,Food
881,Online
882,Travel
883,Other
884,Other
885,Online
886,Other
887,Food
888,Retail
889,Food
890,Food
891,Food
892,Other
893,Online
894,Online
895,Online
896,Travel
897,Online
898,Food
899,Retail
900,Other
901,Online
902,Online
903,Online
904,Retail
905,Food
906,Retail
907,Online
908,Food
909,Travel
910,Online
911,Food
912,Other
913,Travel
914,Retail
915,Travel
916,Other
917,Online
918,Travel
919,Online
920,Other
921,Travel
922,Food
923,Online
924,Food
925,Retail
926,Other
927,Retail
928,Retail
929,Travel
930,Online
931,Food
932,Food
933,Online
934,Food
935,Travel
936,Food
937,Other
938,Travel
939,Food
940,Food
941,Food
942,Online
943,Travel
944,Travel
945,Travel
946,Retail
947,Food
948,Food
949,Other
950,Travel
951,Online
952,Retail
953,Online
954,Other
955,Retail
956,Other
957,Retail
958,Retail
959,Retail
960,Retail
961,Retail
962,Retail
963,Online
964,Retail
965,Food
966,Retail
967,Retail
968,Retail
969,Other
970,Online
971,Other
972,Online
973,Other
974,Travel
975,Retail
976,Other
977,Food
978,Retail
979,Online
980,Other
981,Retail
982,Food
983,Retail
984,Food
985,Other
986,Travel
987,Retail
988,Other
989,Food
990,Food
991,Travel
992,Online
993,Food
994,Food
995,Retail
996,Online
997,Online
998,Retail
999,Online
1000,Other
1001,Other
1002,Retail
1003,Travel
1004,Other
1005,Other
1006,Food
1007,Food
1008,Food
1009,Online
1010,Other
1011,Online
1012,Food
1013,Online
1014,Travel
1015,Online
1016,Travel
1017,Food
1018,Food
1019,Other
1020,Online
1021,Online
1022,Other
1023,Travel
1024,Other
1025,Other
1026,Travel
1027,Online
1028,Travel
1029,Other
1030,Online
1031,Online
1032,Retail
1033,Food
1034,Online
1035,Travel
1036,Other
1037,Other
1038,Retail
1039,Travel
1040,Travel
1041,Other
1042,Food
1043,Other
1044,Retail
1045,Food
1046,Food
1047,Food
1048,Online
1049,Food
1050,Food
1051,Online
1052,Retail
1053,Online
1054,Online
1055,Other
1056,Other
1057,Food
1058,Food
1059,Food
1060,Other
1061,Online
1062,Travel
1063,Retail
1064,Online
1065,Food
1066,Food
1067,Retail
1068,Online
1069,Other
1070,Travel
1071,Online
1072,Food
1073,Travel
1074,Other
1075,Retail
1076,Online
1077,Online
1078,Online
1079,Food
1080,Food
1081,Online
1082,Food
1083,Food
1084,Other
1085,Food
1086,Other
1087,Travel
1088,Other
1089,Online
1090,Food
1091,Retail
1092,Travel
1093,Food
1094,Online
1095,Other
1096,Food
1097,Food
1098,Food
1099,Retail
1100,Other
1101,Travel
1102,Travel
1103,Travel
1104,Retail
1105,Online
1106,Food
1107,Retail
1108,Retail
1109,Travel
1110,Retail
1111,Online
1112,Other
1113,Food
1114,Travel
1115,Food
1116,Other
1117,Online
1118,Online
1119,Retail
1120,Food
1121,Online
1122,Other
1123,Food
1124,Online
1125,Retail
1126,Other
1127,Travel
1128,Travel
1129,Travel
1130,Retail
1131,Other
1132,Online
1133,Food
1134,Online
1135,Travel
1136,Other
1137,Retail
1138,Food
1139,Travel
1140,Retail
1141,Travel
1142,Other
1143,Online
1144,Other
1145,Food
1146,Food
1147,Travel
1148,Other
1149,Retail
1150,Other
1151,Food
1152,Online
1153,Online
1154,Other
1155,Online
1156,Other
1157,Retail
1158,Other
1159,Travel
1160,Travel
1161,Other
1162,Food
1163,Other
1164,Food
1165,Other
1166,Online
1167,Food
1168,Online
1169,Online
1170,Online
1171,Other
1172,Online
1173,Retail
1174,Food
1175,Retail
1176,Retail
1177,Online
1178,Retail
1179,Online
1180,Online
1181,Online
1182,Travel
1183,Retail
1184,Online
1185,Retail
1186,Retail
1187,Food
1188,Travel
1189,Other
1190,Travel
1191,Travel
1192,Travel
1193,Other
1194,Travel
1195,Other
1196,Online
1197,Online
1198,Retail
1199,Travel
1200,Online
1201,Travel
1202,Online
1203,Travel
1204,Online
1205,Other
1206,Food
1207,Other
1208,Travel
1209,Food
1210,Online
1211,Food
1212,Online
1213,Other
1214,Other
1215,Other
1216,Travel
1217,Food
1218,Food
1219,Food
1220,Travel
1221,Online
1222,Travel
1223,Other
1224,Retail
1225,Retail
1226,Retail
1227,Online
1228,Online
1229,Food
1230,Retail
1231,Travel
1232,Food
1233,Food
1234,Online
1235,Other
1236,Travel
1237,Online
1238,Travel
1239,Retail
1240,Retail
1241,Food
1242,Food
1243,Food
1244,Other
1245,Other
1246,Online
1247,Online
1248,Food
1249,Travel
1250,Online
1251,Food
1252,Retail
1253,Travel
1254,Travel
1255,Food
1256,Online
1257,Retail
1258,Retail
1259,Travel
1260,Food
1261,Online
1262,Other
1263,Retail
1264,Retail
1265,Retail
1266,Retail
1267,Retail
1268,Online
1269,Retail
1270,Online
1271,Online
1272,Food
1273,Travel
1274,Retail
1275,Retail
1276,Other
1277,Food
1278,Online
1279,Retail
1280,Other
1281,Travel
1282,Online
1283,Retail
1284,Retail
1285,Travel
1286,Food
1287,Travel
1288,Retail
1289,Other
1290,Retail
1291,Online
1292,Food
1293,Travel
1294,Travel
1295,Online
1296,Online
1297,Other
1298,Online
1299,Retail
1300,Online
1301,Travel
1302,Travel
1303,Travel
1304,Retail
1305,Online
1306,Online
1307,Online
1308,Other
1309,Food
1310,Retail
1311,Retail
1312,Travel
1313,Online
1314,Online
1315,Other
1316,Food
1317,Retail
1318,Retail
1319,Retail
1320,Retail
1321,Food
1322,Retail
1323,Food
1324,Retail
1325,Online
1326,Travel
1327,Retail
1328,Retail
1329,Other
1330,Other
1331,Other
1332,Travel
1333,Other
1334,Online
1335,Other
1336,Food
1337,Retail
1338,Travel
1339,Online
1340,Other
1341,Food
1342,Other
1343,Online
1344,Food
1345,Travel
1346,Retail
1347,Other
1348,Food
1349,Travel
1350,Other
1351,Food
1352,Online
1353,Retail
1354,Retail
1355,Food
1356,Retail
1357,Food
1358,Retail
1359,Travel
1360,Food
1361,Food
1362,Other
1363,Online
1364,Food
1365,Other
1366,Food
1367,Online
1368,Food
1369,Food
1370,Travel
1371,Travel
1372,Other
1373,Online
1374,Online
1375,Other
1376,Online
1377,Travel
1378,Online
1379,Travel
1380,Retail
1381,Online
1382,Travel
1383,Other
1384,Travel
1385,Online
1386,Other
1387,Travel
1388,Other
1389,Food
1390,Other
1391,Retail
1392,Online
1393,Food
1394,Online
1395,Travel
1396,Online
1397,Other
1398,Food
1399,Online
1400,Food
1401,Other
1402,Travel
1403,Travel
1404,Retail
1405,Travel
1406,Travel
1407,Food
1408,Travel
1409,Other
1410,Online
1411,Online
1412,Online
1413,Travel
1414,Other
1415,Food
1416,Retail
1417,Travel
1418,Online
1419,Other
1420,Online
1421,Other
1422,Other
1423,Travel
1424,Online
1425,Online
1426,Travel
1427,Retail
1428,Food
1429,Travel
1430,Food
1431,Other
1432,Food
1433,Other
1434,Retail
1435,Travel
1436,Online
1437,Online
1438,Retail
1439,Food
1440,Other
1441,Retail
1442,Other
1443,Food
1444,Food
1445,Food
1446,Online
1447,Online
1448,Retail
1449,Retail
1450,Other
1451,Retail
1452,Retail
1453,Food
1454,Online
1455,Other
1456,Online
1457,Other
1458,Travel
1459,Other
1460,Online
1461,Retail
1462,Retail
1463,Other
1464,Other
1465,Other
1466,Food
1467,Travel
1468,Retail
1469,Retail
1470,Retail
1471,Food
1472,Retail
1473,Other
1474,Food
1475,Retail
1476,Travel
1477,Retail
1478,Other
1479,Other
1480,Online
1481,Retail
1482,Online
1483,Food
1484,Retail
1485,Online
1486,Other
1487,Food
1488,Retail
1489,Retail
1490,Retail
1491,Online
1492,Online
1493,Other
1494,Retail
1495,Online
1496,Retail
1497,Travel
1498,Food
1499,Travel
1500,Food
1501,Travel
1502,Food
1503,Retail
1504,Online
1505,Travel
1506,Retail
1507,Online
1508,Other
1509,Retail
1510,Travel
1511,Retail
1512,Retail
1513,Food
1514,Online
1515,Online
1516,Retail
1517,Food
1518,Retail
1519,Online
1520,Other
1521,Other
1522,Other
1523,Other
1524,Food
1525,Retail
1526,Food
1527,Online
1528,Travel
1529,Other
1530,Food
1531,Food
1532,Travel
1533,Online
1534,Other
1535,Travel
1536,Online
1537,Other
1538,Retail
1539,Online
1540,Retail
1541,Travel
1542,Food
1543,Travel
1544,Other
1545,Food
1546,Food
1547,Food
1548,Food
1549,Online
1550,Travel
1551,Retail
1552,Travel
1553,Retail
1554,Travel
1555,Travel
1556,Travel
1557,Other
1558,Travel
1559,Retail
1560,Food
1561,Online
1562,Food
1563,Food
1564,Travel
1565,Retail
1566,Online
1567,Retail
1568,Retail
1569,Retail
1570,Travel
1571,Food
1572,Online
1573,Retail
1574,Food
1575,Online
1576,Food
1577,Travel
1578,Retail
1579,Travel
1580,Retail
1581,Travel
1582,Food
1583,Other
1584,Online
1585,Travel
1586,Other
1587,Other
1588,Travel
1589,Online
1590,Food
1591,Other
1592,Other
1593,Other
1594,Other
1595,Food
1596,Travel
1597,Travel
1598,Travel
1599,Food
1600,Travel
1601,Travel
1602,Travel
1603,Retail
1604,Online
1605,Food
1606,Travel
1607,Other
1608,Other
1609,Food
1610,Other
1611,Other
1612,Other
1613,Online
1614,Other
1615,Food
1616,Other
1617,Online
1618,Food
1619,Online
1620,Travel
1621,Retail
1622,Other
1623,Food
1624,Online
1625,Other
1626,Food
1627,Travel
1628,Travel
1629,Travel
1630,Other
1631,Travel
1632,Food
1633,Online
1634,Retail
1635,Online
1636,Online
1637,Retail
1638,Other
1639,Food
1640,Retail
1641,Food
1642,Retail
1643,Online
1644,Food
1645,Online
1646,Other
1647,Food
1648,Online
1649,Food
1650,Other
1651,Online
1652,Travel
1653,Retail
1654,Online
1655,Retail
1656,Other
1657,Food
1658,Retail
1659,Retail
1660,Travel
1661,Travel
1662,Retail
1663,Travel
1664,Online
1665,Food
1666,Travel
1667,Food
1668,Food
1669,Travel
1670,Online
1671,Online
1672,Online
1673,Online
1674,Food
1675,Retail
1676,Retail
1677,Online
1678,Retail
1679,Online
1680,Other
1681,Online
1682,Other
1683,Other
1684,Retail
1685,Online
1686,Other
1687,Other
1688,Other
1689,Travel
1690,Travel
1691,Travel
1692,Food
1693,Online
1694,Other
1695,Food
1696,Food
1697,Other
1698,Food
1699,Other
1700,Travel
1701,Food
1702,Travel
1703,Online
1704,Retail
1705,Online
1706,Retail
1707,Retail
1708,Online
1709,Online
1710,Online
1711,Online
1712,Retail
1713,Travel
1714,Online
1715,Food
1716,Travel
1717,Online
1718,Other
1719,Online
1720,Retail
1721,Food
1722,Online
1723,Online
1724,Other
1725,Retail
1726,Retail
1727,Food
1728,Retail
1729,Food
1730,Travel
1731,Other
1732,Retail
1733,Travel
1734,Retail
1735,Travel
1736,Other
1737,Online
1738,Other
1739,Food
1740,Online
1741,Food
1742,Food
1743,Retail
1744,Food
1745,Online
1746,Travel
1747,Travel
1748,Travel
1749,Retail
1750,Travel
1751,Food
1752,Food
1753,Retail
1754,Other
1755,Other
1756,Food
1757,Retail
1758,Other
1759,Food
1760,Travel
1761,Food
1762,Online
1763,Online
1764,Online
1765,Online
1766,Travel
1767,Retail
1768,Retail
1769,Online
1770,Retail
1771,Retail
1772,Retail
1773,Food
1774,Other
1775,Food
1776,Retail
1777,Other
1778,Retail
1779,Online
1780,Retail
1781,Other
1782,Food
1783,Online
1784,Other
1785,Travel
1786,Online
1787,Travel
1788,Other
1789,Other
1790,Online
1791,Online
1792,Travel
1793,Food
1794,Food
1795,Other
1796,Travel
1797,Other
1798,Online
1799,Other
1800,Travel
1801,Retail
1802,Online
1803,Travel
1804,Other
1805,Retail
1806,Food
1807,Other
1808,Retail
1809,Travel
1810,Travel
1811,Retail
1812,Food
1813,Other
1814,Online
1815,Other
1816,Travel
1817,Retail
1818,Food
1819,Food
1820,Retail
1821,Online
1822,Other
1823,Retail
1824,Online
1825,Food
1826,Travel
1827,Retail
1828,Other
1829,Food
1830,Other
1831,Online
1832,Food
1833,Food
1834,Other
1835,Food
1836,Online
1837,Online
1838,Travel
1839,Online
1840,Online
1841,Retail
1842,Other
1843,Travel
1844,Other
1845,Retail
1846,Other
1847,Travel
1848,Retail
1849,Food
1850,Food
1851,Food
1852,Online
1853,Other
1854,Food
1855,Retail
1856,Other
1857,Retail
1858,Food
1859,Food
1860,Other
1861,Travel
1862,Online
1863,Retail
1864,Other
1865,Online
1866,Travel
1867,Retail
1868,Other
1869,Other
1870,Online
1871,Travel
1872,Other
1873,Food
1874,Travel
1875,Travel
1876,Other
1877,Other
1878,Other
1879,Travel
1880,Online
1881,Travel
1882,Travel
1883,Travel
1884,Travel
1885,Retail
1886,Food
1887,Food
1888,Retail
1889,Online
1890,Other
1891,Online
1892,Online
1893,Other
1894,Other
1895,Retail
1896,Other
1897,Online
1898,Retail
1899,Other
1900,Online
1901,Retail
1902,Other
1903,Food
1904,Other
1905,Food
1906,Food
1907,Online
1908,Online
1909,Other
1910,Retail
1911,Online
1912,Food
1913,Food
1914,Online
1915,Other
1916,Retail
1917,Other
1918,Online
1919,Food
1920,Food
1921,Food
1922,Food
1923,Other
1924,Other
1925,Other
1926,Online
1927,Other
1928,Food
1929,Online
1930,Online
1931,Travel
1932,Other
1933,Other
1934,Food
1935,Online
1936,Other
1937,Travel
1938,Other
1939,Travel
1940,Retail
1941,Other
1942,Retail
1943,Online
1944,Other
1945,Food
1946,Retail
1947,Other
1948,Retail
1949,Online
1950,Retail
1951,Other
1952,Food
1953,Food
1954,Other
1955,Travel
1956,Other
1957,Other
1958,Other
1959,Other
1960,Travel
1961,Other
1962,Other
1963,Other
1964,Online
1965,Online
1966,Online
1967,Retail
1968,Retail
1969,Online
1970,Other
1971,Travel
1972,Food
1973,Food
1974,Travel
1975,Travel
1976,Other
1977,Food
1978,Online
1979,Food
1980,Food
1981,Travel
1982,Other
1983,Travel
1984,Retail
1985,Retail
1986,Retail
1987,Food
1988,Retail
1989,Online
1990,Online
1991,Food
1992,Other
1993,Retail
1994,Retail
1995,Other
1996,Retail
1997,Food
1998,Other
1999,Food
2000,Other
2001,Other
2002,Other
2003,Retail
2004,Travel
2005,Other
2006,Online
2007,Travel
2008,Online
2009,Travel
2010,Retail
2011,Online
2012,Travel
2013,Food
2014,Food
2015,Online
2016,Retail
2017,Retail
2018,Travel
2019,Food
2020,Online
2021,Retail
2022,Online
2023,Travel
2024,Food
2025,Online
2026,Food
2027,Travel
2028,Retail
2029,Online
2030,Food
2031,Travel
2032,Online
2033,Online
2034,Retail
2035,Food
2036,Travel
2037,Online
2038,Other
2039,Retail
2040,Retail
2041,Online
2042,Other
2043,Food
2044,Other
2045,Other
2046,Travel
2047,Other
2048,Retail
2049,Retail
2050,Travel
2051,Travel
2052,Retail
2053,Retail
2054,Other
2055,Travel
2056,Travel
2057,Online
2058,Other
2059,Food
2060,Retail
2061,Food
2062,Other
2063,Online
2064,Online
2065,Retail
2066,Other
2067,Retail
2068,Food
2069,Travel
2070,Retail
2071,Other
2072,Food
2073,Retail
2074,Online
2075,Travel
2076,Other
2077,Other
2078,Retail
2079,Travel
2080,Travel
2081,Online
2082,Retail
2083,Travel
2084,Other
2085,Travel
2086,Retail
2087,Online
2088,Online
2089,Retail
2090,Retail
2091,Online
2092,Food
2093,Food
2094,Travel
2095,Online
2096,Travel
2097,Online
2098,Other
2099,Other
2100,Travel
2101,Travel
2102,Travel
2103,Travel
2104,Food
2105,Other
2106,Retail
2107,Retail
2108,Online
2109,Food
2110,Other
2111,Other
2112,Food
2113,Retail
2114,Other
2115,Online
2116,Food
2117,Retail
2118,Online
2119,Retail
2120,Online
2121,Other
2122,Retail
2123,Travel
2124,Food
2125,Online
2126,Travel
2127,Travel
2128,Online
2129,Travel
2130,Other
2131,Other
2132,Online
2133,Retail
2134,Retail
2135,Food
2136,Travel
2137,Travel
2138,Online
2139,Travel
2140,Travel
2141,Online
2142,Other
2143,Other
2144,Other
2145,Food
2146,Food
2147,Other
2148,Travel
2149,Other
2150,Travel
2151,Online
2152,Online
2153,Retail
2154,Travel
2155,Retail
2156,Food
2157,Retail
2158,Online
2159,Food
2160,Food
2161,Online
2162,Online
2163,Other
2164,Retail
2165,Food
2166,Travel
2167,Retail
2168,Other
2169,Online
2170,Food
2171,Food
2172,Retail
2173,Other
2174,Other
2175,Online
2176,Online
2177,Other
2178,Food
2179,Other
2180,Other
2181,Travel
2182,Food
2183,Retail
2184,Retail
2185,Online
2186,Retail
2187,Retail
2188,Travel
2189,Online
2190,Travel
2191,Online
2192,Travel
2193,Online
2194,Other
2195,Other
2196,Food
2197,Online
2198,Food
2199,Food
2200,Other
2201,Online
2202,Food
2203,Online
2204,Food
2205,Travel
2206,Online
2207,Food
2208,Other
2209,Other
2210,Online
2211,Other
2212,Food
2213,Food
2214,Food
2215,Other
2216,Other
2217,Travel
2218,Travel
2219,Retail
2220,Other
2221,Travel
2222,Travel
2223,Other
2224,Food
2225,Travel
2226,Retail
2227,Other
2228,Travel
2229,Retail
2230,Other
2231,Other
2232,Food
2233,Travel
2234,Retail
2235,Other
2236,Travel
2237,Travel
2238,Travel
2239,Online
2240,Travel
2241,Travel
2242,Food
2243,Online
2244,Retail
2245,Online
2246,Retail
2247,Online
2248,Travel
2249,Food
2250,Food
2251,Travel
2252,Other
2253,Retail
2254,Retail
2255,Retail
2256,Other
2257,Online
2258,Travel
2259,Travel
2260,Other
2261,Food
2262,Other
2263,Food
2264,Retail
2265,Travel
2266,Retail
2267,Retail
2268,Retail
2269,Retail
2270,Other
2271,Food
2272,Other
2273,Retail
2274,Other
2275,Food
2276,Other
2277,Online
2278,Food
2279,Travel
2280,Other
2281,Travel
2282,Retail
2283,Retail
2284,Retail
2285,Food
2286,Travel
2287,Online
2288,Retail
2289,Travel
2290,Retail
2291,Retail
2292,Online
2293,Retail
2294,Travel
2295,Retail
2296,Retail
2297,Food
2298,Food
2299,Online
2300,Online
2301,Other
2302,Online
2303,Retail
2304,Retail
2305,Travel
2306,Travel
2307,Online
2308,Food
2309,Food
2310,Travel
2311,Food
2312,Retail
2313,Travel
2314,Online
2315,Travel
2316,Retail
2317,Travel
2318,Retail
2319,Food
2320,Food
2321,Other
2322,Retail
2323,Retail
2324,Travel
2325,Food
2326,Online
2327,Online
2328,Food
2329,Online
2330,Retail
2331,Other
2332,Other
2333,Travel
2334,Food
2335,Retail
2336,Other
2337,Online
2338,Online
2339,Travel
2340,Other
2341,Travel
2342,Other
2343,Other
2344,Retail
2345,Food
2346,Travel
2347,Food
2348,Other
2349,Travel
2350,Other
2351,Travel
2352,Retail
2353,Food
2354,Retail
2355,Online
2356,Retail
2357,Travel
2358,Retail
2359,Food
2360,Other
2361,Other
2362,Travel
2363,Retail
2364,Other
2365,Other
2366,Online
2367,Other
2368,Retail
2369,Travel
2370,Travel
2371,Travel
2372,Food
2373,Online
2374,Online
2375,Travel
2376,Other
2377,Other
2378,Retail
2379,Online
2380,Retail
2381,Online
2382,Online
2383,Retail
2384,Retail
2385,Other
2386,Online
2387,Food
2388,Travel
2389,Retail
2390,Retail
2391,Online
2392,Travel
2393,Online
2394,Food
2395,Other
2396,Retail
2397,Food
2398,Food
2399,Other
2400,Other
2401,Travel
2402,Online
2403,Online
2404,Online
2405,Other
2406,Food
2407,Online
2408,Online
2409,Online
2410,Food
2411,Travel
2412,Travel
2413,Retail
2414,Travel
2415,Food
2416,Retail
2417,Retail
2418,Other
2419,Retail
2420,Other
2421,Travel
2422,Online
2423,Travel
2424,Retail
2425,Travel
2426,Online
2427,Food
2428,Online
2429,Online
2430,Retail
2431,Food
2432,Food
2433,Retail
2434,Online
2435,Other
2436,Food
2437,Other
2438,Other
2439,Retail
2440,Travel
2441,Online
2442,Travel
2443,Food
2444,Retail
2445,Online
2446,Other
2447,Other
2448,Retail
2449,Retail
2450,Other
2451,Retail
2452,Travel
2453,Travel
2454,Retail
2455,Travel
2456,Online
2457,Retail
2458,Food
2459,Food
2460,Travel
2461,Retail
2462,Food
2463,Travel
2464,Travel
2465,Online
2466,Online
2467,Travel
2468,Retail
2469,Online
2470,Other
2471,Retail
2472,Online
2473,Food
2474,Travel
2475,Other
2476,Travel
2477,Travel
2478,Other
2479,Other
2480,Travel
2481,Online
2482,Travel
2483,Retail
2484,Travel
2485,Other
2486,Food
2487,Travel
2488,Retail
2489,Retail
2490,Online
2491,Travel
2492,Food
2493,Travel
2494,Food
2495,Food
2496,Travel
2497,Other
2498,Other
2499,Online
2500,Online
2501,Food
2502,Retail
2503,Travel
2504,Retail
2505,Online
2506,Retail
2507,Travel
2508,Food
2509,Retail
2510,Retail
2511,Other
2512,Other
2513,Online
2514,Online
2515,Travel
2516,Other
2517,Travel
2518,Online
2519,Food
2520,Food
2521,Other
2522,Food
2523,Travel
2524,Retail
2525,Retail
2526,Online
2527,Other
2528,Travel
2529,Other
2530,Retail
2531,Online
2532,Retail
2533,Retail
2534,Travel
2535,Other
2536,Other
2537,Other
2538,Retail
2539,Retail
2540,Retail
2541,Online
2542,Online
2543,Other
2544,Retail
2545,Travel
2546,Travel
2547,Other
2548,Travel
2549,Food
2550,Food
2551,Food
2552,Travel
2553,Other
2554,Retail
2555,Retail
2556,Food
2557,Other
2558,Travel
2559,Travel
2560,Travel
2561,Retail
2562,Online
2563,Travel
2564,Travel
2565,Retail
2566,Travel
2567,Online
2568,Retail
2569,Travel
2570,Retail
2571,Travel
2572,Retail
2573,Food
2574,Travel
2575,Travel
2576,Online
2577,Food
2578,Retail
2579,Other
2580,Travel
2581,Food
2582,Food
2583,Online
2584,Travel
2585,Food
2586,Travel
2587,Other
2588,Other
2589,Travel
2590,Online
2591,Retail
2592,Online
2593,Other
2594,Online
2595,Retail
2596,Online
2597,Retail
2598,Online
2599,Travel
2600,Retail
2601,Travel
2602,Food
2603,Other
2604,Online
2605,Online
2606,Retail
2607,Travel
2608,Retail
2609,Other
2610,Travel
2611,Retail
2612,Food
2613,Retail
2614,Travel
2615,Travel
2616,Food
2617,Food
2618,Food
2619,Online
2620,Retail
2621,Other
2622,Travel
2623,Food
2624,Online
2625,Retail
2626,Retail
2627,Food
2628,Food
2629,Travel
2630,Travel
2631,Travel
2632,Travel
2633,Online
2634,Other
2635,Other
2636,Travel
2637,Retail
2638,Retail
2639,Online
2640,Other
2641,Retail
2642,Other
2643,Travel
2644,Other
2645,Other
2646,Food
2647,Retail
2648,Online
2649,Food
2650,Online
2651,Online
2652,Other
2653,Online
2654,Food
2655,Online
2656,Other
2657,Other
2658,Travel
2659,Online
2660,Food
2661,Online
2662,Online
2663,Online
2664,Retail
2665,Retail
2666,Food
2667,Retail
2668,Food
2669,Other
2670,Food
2671,Travel
2672,Retail
2673,Other
2674,Retail
2675,Other
2676,Other
2677,Other
2678,Travel
2679,Retail
2680,Online
2681,Other
2682,Online
2683,Travel
2684,Travel
2685,Other
2686,Food
2687,Travel
2688,Food
2689,Online
2690,Food
2691,Online
2692,Retail
2693,Other
2694,Retail
2695,Retail
2696,Online
2697,Other
2698,Retail
2699,Online
2700,Other
2701,Food
2702,Retail
2703,Online
2704,Other
2705,Food
2706,Travel
2707,Retail
2708,Online
2709,Travel
2710,Online
2711,Other
2712,Travel
2713,Online
2714,Retail
2715,Travel
2716,Other
2717,Travel
2718,Travel
2719,Retail
2720,Online
2721,Online
2722,Online
2723,Online
2724,Other
2725,Other
2726,Travel
2727,Online
2728,Travel
2729,Food
2730,Other
2731,Online
2732,Retail
2733,Retail
2734,Online
2735,Other
2736,Travel
2737,Food
2738,Food
2739,Travel
2740,Food
2741,Travel
2742,Online
2743,Online
2744,Retail
2745,Travel
2746,Online
2747,Food
2748,Food
2749,Retail
2750,Other
2751,Online
2752,Food
2753,Travel
2754,Other
2755,Food
2756,Online
2757,Retail
2758,Online
2759,Other
2760,Food
2761,Travel
2762,Online
2763,Travel
2764,Online
2765,Travel
2766,Food
2767,Travel
2768,Other
2769,Retail
2770,Food
2771,Other
2772,Online
2773,Food
2774,Other
2775,Retail
2776,Travel
2777,Food
2778,Travel
2779,Travel
2780,Food
2781,Travel
2782,Food
2783,Other
2784,Online
2785,Retail
2786,Food
2787,Other
2788,Retail
2789,Other
2790,Other
2791,Online
2792,Food
2793,Retail
2794,Food
2795,Online
2796,Online
2797,Food
2798,Retail
2799,Food
2800,Food
2801,Travel
2802,Retail
2803,Online
2804,Other
2805,Food
2806,Retail
2807,Retail
2808,Other
2809,Food
2810,Retail
2811,Travel
2812,Other
2813,Other
2814,Other
2815,Retail
2816,Retail
2817,Retail
2818,Travel
2819,Online
2820,Other
2821,Food
2822,Retail
2823,Other
2824,Other
2825,Online
2826,Retail
2827,Food
2828,Retail
2829,Other
2830,Retail
2831,Retail
2832,Other
2833,Other
2834,Travel
2835,Online
2836,Other
2837,Online
2838,Other
2839,Travel
2840,Online
2841,Travel
2842,Other
2843,Other
2844,Travel
2845,Retail
2846,Travel
2847,Travel
2848,Travel
2849,Food
2850,Other
2851,Food
2852,Online
2853,Food
2854,Travel
2855,Retail
2856,Travel
2857,Travel
2858,Online
2859,Food
2860,Other
2861,Retail
2862,Food
2863,Other
2864,Travel
2865,Food
2866,Travel
2867,Food
2868,Other
2869,Food
2870,Retail
2871,Travel
2872,Online
2873,Retail
2874,Online
2875,Travel
2876,Online
2877,Other
2878,Online
2879,Other
2880,Online
2881,Travel
2882,Retail
2883,Online
2884,Food
2885,Retail
2886,Retail
2887,Retail
2888,Retail
2889,Other
2890,Food
2891,Online
2892,Retail
2893,Other
2894,Travel
2895,Retail
2896,Food
2897,Retail
2898,Online
2899,Retail
2900,Food
2901,Retail
2902,Retail
2903,Food
2904,Food
2905,Travel
2906,Retail
2907,Retail
2908,Food
2909,Online
2910,Online
2911,Travel
2912,Other
2913,Retail
2914,Travel
2915,Travel
2916,Travel
2917,Other
2918,Travel
2919,Other
2920,Travel
2921,Food
2922,Other
2923,Online
2924,Travel
2925,Retail
2926,Retail
2927,Online
2928,Other
2929,Food
2930,Online
2931,Other
2932,Online
2933,Food
2934,Other
2935,Retail
2936,Travel
2937,Online
2938,Food
2939,Other
2940,Food
2941,Food
2942,Online
2943,Other
2944,Retail
2945,Retail
2946,Other
2947,Online
2948,Travel
2949,Retail
2950,Other
2951,Food
2952,Travel
2953,Other
2954,Other
2955,Travel
2956,Retail
2957,Travel
2958,Food
2959,Other
2960,Travel
2961,Online
2962,Other
2963,Retail
2964,Online
2965,Retail
2966,Travel
2967,Food
2968,Online
2969,Travel
2970,Travel
2971,Travel
2972,Online
2973,Travel
2974,Food
2975,Online
2976,Retail
2977,Travel
2978,Other
2979,Retail
2980,Online
2981,Online
2982,Online
2983,Online
2984,Retail
2985,Other
2986,Other
2987,Travel
2988,Online
2989,Food
2990,Food
2991,Other
2992,Food
2993,Other
2994,Retail
2995,Retail
2996,Food
2997,Travel
2998,Food
2999,Retail
3000,Online
3001,Other
3002,Retail
3003,Retail
3004,Travel
3005,Travel
3006,Retail
3007,Travel
3008,Food
3009,Other
3010,Other
3011,Other
3012,Food
3013,Retail
3014,Food
3015,Travel
3016,Food
3017,Retail
3018,Other
3019,Other
3020,Travel
3021,Other
3022,Other
3023,Online
3024,Food
3025,Travel
3026,Retail
3027,Retail
3028,Retail
3029,Travel
3030,Online
3031,Other
3032,Food
3033,Retail
3034,Retail
3035,Travel
3036,Retail
3037,Online
3038,Food
3039,Online
3040,Online
3041,Retail
3042,Travel
3043,Other
3044,Retail
3045,Retail
3046,Retail
3047,Travel
3048,Other
3049,Retail
3050,Other
3051,Other
3052,Travel
3053,Online
3054,Food
3055,Food
3056,Retail
3057,Travel
3058,Other
3059,Retail
3060,Retail
3061,Retail
3062,Travel
3063,Online
3064,Online
3065,Food
3066,Other
3067,Food
3068,Food
3069,Other
3070,Food
3071,Food
3072,Travel
3073,Travel
3074,Travel
3075,Other
3076,Travel
3077,Online
3078,Food
3079,Online
3080,Other
3081,Other
3082,Other
3083,Travel
3084,Retail
3085,Other
3086,Retail
3087,Travel
3088,Retail
3089,Travel
3090,Food
3091,Other
3092,Food
3093,Travel
3094,Retail
3095,Online
3096,Travel
3097,Online
3098,Food
3099,Travel
3100,Food
3101,Food
3102,Online
3103,Retail
3104,Retail
3105,Retail
3106,Retail
3107,Retail
3108,Retail
3109,Food
3110,Food
3111,Food
3112,Retail
3113,Retail
3114,Travel
3115,Other
3116,Retail
3117,Online
3118,Food
3119,Online
3120,Food
3121,Other
3122,Retail
3123,Travel
3124,Online
3125,Travel
3126,Food
3127,Other
3128,Travel
3129,Other
3130,Online
3131,Other
3132,Other
3133,Other
3134,Retail
3135,Travel
3136,Food
3137,Online
3138,Food
3139,Travel
3140,Online
3141,Online
3142,Other
3143,Other
3144,Travel
3145,Food
3146,Online
3147,Other
3148,Travel
3149,Other
3150,Travel
3151,Other
3152,Retail
3153,Other
3154,Retail
3155,Online
3156,Other
3157,Other
3158,Other
3159,Food
3160,Retail
3161,Retail
3162,Food
3163,Retail
3164,Retail
3165,Travel
3166,Food
3167,Food
3168,Food
3169,Online
3170,Food
3171,Retail
3172,Food
3173,Retail
3174,Travel
3175,Other
3176,Online
3177,Retail
3178,Food
3179,Food
3180,Retail
3181,Online
3182,Travel
3183,Other
3184,Travel
3185,Food
3186,Retail
3187,Other
3188,Travel
3189,Other
3190,Retail
3191,Online
3192,Retail
3193,Other
3194,Online
3195,Travel
3196,Retail
3197,Food
3198,Travel
3199,Online
3200,Other
3201,Food
3202,Retail
3203,Online
3204,Online
3205,Retail
3206,Online
3207,Online
3208,Retail
3209,Travel
3210,Travel
3211,Travel
3212,Other
3213,Other
3214,Travel
3215,Other
3216,Other
3217,Food
3218,Other
3219,Food
3220,Online
3221,Other
3222,Online
3223,Travel
3224,Travel
3225,Retail
3226,Online
3227,Retail
3228,Food
3229,Food
3230,Travel
3231,Retail
3232,Travel
3233,Retail
3234,Other
3235,Food
3236,Food
3237,Online
3238,Other
3239,Food
3240,Other
3241,Retail
3242,Travel
3243,Food
3244,Other
3245,Food
3246,Other
3247,Other
3248,Other
3249,Travel
3250,Other
3251,Retail
3252,Retail
3253,Other
3254,Travel
3255,Other
3256,Other
3257,Other
3258,Travel
3259,Other
3260,Travel
3261,Online
3262,Travel
3263,Food
3264,Food
3265,Retail
3266,Retail
3267,Food
3268,Travel
3269,Other
3270,Online
3271,Retail
3272,Food
3273,Other
3274,Online
3275,Travel
3276,Retail
3277,Other
3278,Retail
3279,Retail
3280,Other
3281,Food
3282,Travel
3283,Other
3284,Retail
3285,Food
3286,Travel
3287,Other
3288,Other
3289,Other
3290,Online
3291,Retail
3292,Other
3293,Food
3294,Retail
3295,Travel
3296,Travel
3297,Online
3298,Online
3299,Travel
3300,Other
3301,Travel
3302,Travel
3303,Food
3304,Travel
3305,Retail
3306,Travel
3307,Online
3308,Other
3309,Other
3310,Other
3311,Travel
3312,Food
3313,Travel
3314,Retail
3315,Other
3316,Online
3317,Online
3318,Other
3319,Retail
3320,Travel
3321,Other
3322,Retail
3323,Online
3324,Other
3325,Food
3326,Travel
3327,Online
3328,Other
3329,Travel
3330,Travel
3331,Other
3332,Online
3333,Travel
3334,Food
3335,Food
3336,Travel
3337,Retail
3338,Online
3339,Other
3340,Other
3341,Food
3342,Online
3343,Food
3344,Food
3345,Other
3346,Food
3347,Online
3348,Travel
3349,Food
3350,Food
3351,Online
3352,Travel
3353,Other
3354,Online
3355,Other
3356,Travel
3357,Food
3358,Food
3359,Other
3360,Retail
3361,Food
3362,Online
3363,Food
3364,Travel
3365,Other
3366,Travel
3367,Other
3368,Online
3369,Online
3370,Retail
3371,Travel
3372,Food
3373,Retail
3374,Other
3375,Retail
3376,Online
3377,Food
3378,Other
3379,Retail
3380,Online
3381,Retail
3382,Travel
3383,Travel
3384,Food
3385,Online
3386,Online
3387,Retail
3388,Online
3389,Retail
3390,Food
3391,Online
3392,Other
3393,Online
3394,Retail
3395,Retail
3396,Food
3397,Retail
3398,Travel
3399,Other
3400,Other
3401,Travel
3402,Online
3403,Travel
3404,Other
3405,Online
3406,Retail
3407,Other
3408,Food
3409,Online
3410,Other
3411,Retail
3412,Online
3413,Travel
3414,Other
3415,Retail
3416,Food
3417,Online
3418,Travel
3419,Retail
3420,Travel
3421,Other
3422,Retail
3423,Other
3424,Food
3425,Food
3426,Food
3427,Food
3428,Food
3429,Other
3430,Travel
3431,Travel
3432,Online
3433,Retail
3434,Retail
3435,Online
3436,Other
3437,Travel
3438,Retail
3439,Food
3440,Online
3441,Retail
3442,Food
3443,Other
3444,Food
3445,Retail
3446,Retail
3447,Online
3448,Online
3449,Retail
3450,Retail
3451,Travel
3452,Other
3453,Online
3454,Online
3455,Other
3456,Food
3457,Other
3458,Retail
3459,Travel
3460,Travel
3461,Other
3462,Food
3463,Retail
3464,Travel
3465,Travel
3466,Other
3467,Food
3468,Online
3469,Online
3470,Travel
3471,Online
3472,Other
3473,Online
3474,Food
3475,Retail
3476,Other
3477,Travel
3478,Other
3479,Retail
3480,Travel
3481,Travel
3482,Online
3483,Retail
3484,Online
3485,Travel
3486,Other
3487,Food
3488,Other
3489,Online
3490,Online
3491,Food
3492,Food
3493,Online
3494,Retail
3495,Online
3496,Other
3497,Other
3498,Travel
3499,Retail
3500,Retail
3501,Travel
3502,Travel
3503,Travel
3504,Travel
3505,Food
3506,Retail
3507,Other
3508,Other
3509,Retail
3510,Other
3511,Other
3512,Online
3513,Travel
3514,Other
3515,Food
3516,Travel
3517,Other
3518,Online
3519,Retail
3520,Online
3521,Online
3522,Food
3523,Online
3524,Other
3525,Online
3526,Online
3527,Other
3528,Retail
3529,Travel
3530,Travel
3531,Retail
3532,Other
3533,Travel
3534,Other
3535,Other
3536,Retail
3537,Travel
3538,Travel
3539,Travel
3540,Travel
3541,Other
3542,Food
3543,Online
3544,Other
3545,Other
3546,Online
3547,Food
3548,Food
3549,Retail
3550,Other
3551,Food
3552,Food
3553,Other
3554,Retail
3555,Food
3556,Food
3557,Retail
3558,Online
3559,Travel
3560,Retail
3561,Other
3562,Online
3563,Other
3564,Online
3565,Other
3566,Online
3567,Online
3568,Other
3569,Online
3570,Retail
3571,Food
3572,Travel
3573,Other
3574,Online
3575,Online
3576,Food
3577,Travel
3578,Food
3579,Travel
3580,Food
3581,Travel
3582,Retail
3583,Other
3584,Food
3585,Other
3586,Retail
3587,Online
3588,Other
3589,Food
3590,Travel
3591,Online
3592,Online
3593,Online
3594,Retail
3595,Travel
3596,Online
3597,Other
3598,Food
3599,Other
3600,Retail
3601,Online
3602,Retail
3603,Online
3604,Travel
3605,Other
3606,Other
3607,Online
3608,Online
3609,Online
3610,Food
3611,Food
3612,Retail
3613,Travel
3614,Travel
3615,Travel
3616,Online
3617,Travel
3618,Retail
3619,Retail
3620,Retail
3621,Other
3622,Retail
3623,Other
3624,Online
3625,Other
3626,Retail
3627,Other
3628,Retail
3629,Food
3630,Food
3631,Other
3632,Retail
3633,Travel
3634,Online
3635,Travel
3636,Retail
3637,Travel
3638,Online
3639,Other
3640,Retail
3641,Other
3642,Online
3643,Travel
3644,Other
3645,Retail
3646,Travel
3647,Other
3648,Online
3649,Online
3650,Retail
3651,Food
3652,Retail
3653,Retail
3654,Retail
3655,Online
3656,Online
3657,Online
3658,Online
3659,Online
3660,Other
3661,Retail
3662,Travel
3663,Online
3664,Travel
3665,Online
3666,Online
3667,Food
3668,Food
3669,Online
3670,Food
3671,Online
3672,Online
3673,Retail
3674,Travel
3675,Food
3676,Online
3677,Other
3678,Other
3679,Online
3680,Online
3681,Travel
3682,Online
3683,Online
3684,Travel
3685,Online
3686,Other
3687,Online
3688,Travel
3689,Food
3690,Other
3691,Travel
3692,Retail
3693,Retail
3694,Food
3695,Online
3696,Online
3697,Retail
3698,Other
3699,Retail
3700,Other
3701,Other
3702,Travel
3703,Food
3704,Retail
3705,Food
3706,Retail
3707,Retail
3708,Other
3709,Food
3710,Food
3711,Food
3712,Travel
3713,Food
3714,Retail
3715,Retail
3716,Food
3717,Other
3718,Retail
3719,Online
3720,Retail
3721,Food
3722,Travel
3723,Travel
3724,Retail
3725,Retail
3726,Online
3727,Online
3728,Food
3729,Online
3730,Retail
3731,Food
3732,Online
3733,Retail
3734,Food
3735,Retail
3736,Online
3737,Online
3738,Other
3739,Food
3740,Food
3741,Online
3742,Other
3743,Online
3744,Travel
3745,Retail
3746,Other
3747,Retail
3748,Travel
3749,Online
3750,Online
3751,Other
3752,Travel
3753,Online
3754,Travel
3755,Online
3756,Travel
3757,Other
3758,Online
3759,Other
3760,Travel
3761,Retail
3762,Food
3763,Online
3764,Online
3765,Travel
3766,Travel
3767,Food
3768,Other
3769,Retail
3770,Travel
3771,Online
3772,Online
3773,Travel
3774,Retail
3775,Retail
3776,Other
3777,Travel
3778,Retail
3779,Travel
3780,Online
3781,Travel
3782,Travel
3783,Retail
3784,Retail
3785,Food
3786,Travel
3787,Travel
3788,Travel
3789,Online
3790,Travel
3791,Retail
3792,Other
3793,Food
3794,Other
3795,Retail
3796,Online
3797,Travel
3798,Food
3799,Travel
3800,Other
3801,Food
3802,Food
3803,Retail
3804,Food
3805,Online
3806,Other
3807,Travel
3808,Travel
3809,Online
3810,Retail
3811,Retail
3812,Food
3813,Food
3814,Travel
3815,Online
3816,Other
3817,Food
3818,Other
3819,Online
3820,Travel
3821,Travel
3822,Other
3823,Retail
3824,Food
3825,Food
3826,Retail
3827,Retail
3828,Online
3829,Other
3830,Retail
3831,Food
3832,Other
3833,Food
3834,Travel
3835,Travel
3836,Online
3837,Online
3838,Travel
3839,Food
3840,Other
3841,Retail
3842,Retail
3843,Travel
3844,Retail
3845,Retail
3846,Online
3847,Travel
3848,Online
3849,Travel
3850,Food
3851,Travel
3852,Travel
3853,Travel
3854,Food
3855,Online
3856,Other
3857,Other
3858,Online
3859,Retail
3860,Travel
3861,Food
3862,Online
3863,Food
3864,Food
3865,Other
3866,Retail
3867,Other
3868,Online
3869,Food
3870,Other
3871,Online
3872,Travel
3873,Food
3874,Food
3875,Travel
3876,Retail
3877,Travel
3878,Travel
3879,Other
3880,Food
3881,Travel
3882,Other
3883,Online
3884,Travel
3885,Travel
3886,Food
3887,Other
3888,Food
3889,Food
3890,Other
3891,Other
3892,Other
3893,Other
3894,Retail
3895,Food
3896,Travel
3897,Other
3898,Travel
3899,Retail
3900,Travel
3901,Other
3902,Retail
3903,Other
3904,Travel
3905,Online
3906,Food
3907,Other
3908,Travel
3909,Food
3910,Online
3911,Food
3912,Travel
3913,Food
3914,Retail
3915,Other
3916,Online
3917,Food
3918,Online
3919,Travel
3920,Travel
3921,Food
3922,Travel
3923,Retail
3924,Online
3925,Food
3926,Food
3927,Retail
3928,Retail
3929,Food
3930,Retail
3931,Food
3932,Other
3933,Food
3934,Other
3935,Online
3936,Other
3937,Food
3938,Food
3939,Retail
3940,Other
3941,Retail
3942,Food
3943,Other
3944,Online
3945,Online
3946,Food
3947,Other
3948,Food
3949,Food
3950,Online
3951,Retail
3952,Travel
3953,Other
3954,Travel
3955,Retail
3956,Online
3957,Retail
3958,Travel
3959,Food
3960,Online
3961,Online
3962,Online
3963,Food
3964,Online
3965,Online
3966,Other
3967,Online
3968,Online
3969,Online
3970,Other
3971,Food
3972,Food
3973,Online
3974,Food
3975,Food
3976,Food
3977,Travel
3978,Online
3979,Other
3980,Other
3981,Other
3982,Food
3983,Retail
3984,Online
3985,Other
3986,Other
3987,Travel
3988,Other
3989,Retail
3990,Food
3991,Retail
3992,Other
3993,Other
3994,Retail
3995,Other
3996,Food
3997,Online
3998,Online
3999,Other
4000,Travel
4001,Online
4002,Retail
4003,Online
4004,Other
4005,Retail
4006,Travel
4007,Other
4008,Travel
4009,Travel
4010,Other
4011,Online
4012,Retail
4013,Online
4014,Travel
4015,Food
4016,Food
4017,Other
4018,Other
4019,Other
4020,Other
4021,Travel
4022,Food
4023,Online
4024,Online
4025,Travel
4026,Online
4027,Retail
4028,Retail
4029,Retail
4030,Online
4031,Retail
4032,Food
4033,Retail
4034,Retail
4035,Other
4036,Travel
4037,Travel
4038,Retail
4039,Other
4040,Travel
4041,Online
4042,Food
4043,Online
4044,Travel
4045,Food
4046,Retail
4047,Retail
4048,Food
4049,Other
4050,Travel
4051,Online
4052,Travel
4053,Retail
4054,Other
4055,Food
4056,Retail
4057,Online
4058,Food
4059,Other
4060,Other
4061,Food
4062,Online
4063,Online
4064,Travel
4065,Retail
4066,Food
4067,Retail
4068,Online
4069,Travel
4070,Travel
4071,Other
4072,Retail
4073,Food
4074,Travel
4075,Online
4076,Food
4077,Travel
4078,Food
4079,Online
4080,Online
4081,Online
4082,Travel
4083,Online
4084,Other
4085,Other
4086,Food
4087,Other
4088,Food
4089,Travel
4090,Travel
4091,Retail
4092,Other
4093,Retail
4094,Other
4095,Online
4096,Other
4097,Travel
4098,Retail
4099,Retail
4100,Online
4101,Food
4102,Online
4103,Food
4104,Travel
4105,Retail
4106,Retail
4107,Other
4108,Other
4109,Food
4110,Travel
4111,Other
4112,Other
4113,Online
4114,Online
4115,Food
4116,Other
4117,Food
4118,Other
4119,Online
4120,Travel
4121,Travel
4122,Other
4123,Travel
4124,Travel
4125,Other
4126,Travel
4127,Travel
4128,Food
4129,Food
4130,Other
4131,Travel
4132,Food
4133,Travel
4134,Online
4135,Travel
4136,Other
4137,Travel
4138,Other
4139,Online
4140,Travel
4141,Retail
4142,Online
4143,Travel
4144,Online
4145,Other
4146,Online
4147,Online
4148,Travel
4149,Online
4150,Other
4151,Travel
4152,Online
4153,Online
4154,Travel
4155,Retail
4156,Food
4157,Retail
4158,Online
4159,Retail
4160,Online
4161,Retail
4162,Online
4163,Travel
4164,Retail
4165,Online
4166,Retail
4167,Retail
4168,Travel
4169,Other
4170,Travel
4171,Online
4172,Other
4173,Food
4174,Retail
4175,Retail
4176,Food
4177,Other
4178,Other
4179,Online
4180,Travel
4181,Other
4182,Other
4183,Other
4184,Online
4185,Travel
4186,Online
4187,Other
4188,Food
4189,Food
4190,Other
4191,Online
4192,Online
4193,Online
4194,Other
4195,Food
4196,Travel
4197,Retail
4198,Other
4199,Food
4200,Retail
4201,Online
4202,Other
4203,Food
4204,Food
4205,Retail
4206,Other
4207,Online
4208,Other
4209,Online
4210,Retail
4211,Online
4212,Retail
4213,Other
4214,Retail
4215,Travel
4216,Other
4217,Retail
4218,Other
4219,Online
4220,Online
4221,Retail
4222,Food
4223,Retail
4224,Online
4225,Online
4226,Other
4227,Other
4228,Online
4229,Retail
4230,Travel
4231,Online
4232,Retail
4233,Online
4234,Online
4235,Online
4236,Retail
4237,Other
4238,Online
4239,Online
4240,Retail
4241,Online
4242,Food
4243,Online
4244,Retail
4245,Retail
4246,Food
4247,Retail
4248,Other
4249,Retail
4250,Travel
4251,Online
4252,Retail
4253,Food
4254,Online
4255,Other
4256,Retail
4257,Other
4258,Online
4259,Travel
4260,Other
4261,Food
4262,Online
4263,Retail
4264,Other
4265,Other
4266,Online
4267,Travel
4268,Retail
4269,Other
4270,Other
4271,Retail
4272,Travel
4273,Food
4274,Travel
4275,Retail
4276,Travel
4277,Travel
4278,Other
4279,Travel
4280,Travel
4281,Online
4282,Retail
4283,Online
4284,Food
4285,Other
4286,Food
4287,Food
4288,Travel
4289,Food
4290,Food
4291,Retail
4292,Travel
4293,Retail
4294,Food
4295,Retail
4296,Food
4297,Online
4298,Online
4299,Retail
4300,Retail
4301,Travel
4302,Other
4303,Online
4304,Retail
4305,Online
4306,Travel
4307,Other
4308,Online
4309,Travel
4310,Retail
4311,Other
4312,Other
4313,Other
4314,Other
4315,Retail
4316,Travel
4317,Other
4318,Retail
4319,Other
4320,Food
4321,Retail
4322,Retail
4323,Retail
4324,Retail
4325,Online
4326,Food
4327,Other
4328,Other
4329,Retail
4330,Other
4331,Travel
4332,Travel
4333,Online
4334,Other
4335,Food
4336,Online
4337,Travel
4338,Food
4339,Retail
4340,Online
4341,Other
4342,Retail
4343,Retail
4344,Food
4345,Travel
4346,Online
4347,Online
4348,Retail
4349,Online
4350,Retail
4351,Food
4352,Retail
4353,Online
4354,Food
4355,Retail
4356,Travel
4357,Other
4358,Other
4359,Food
4360,Food
4361,Other
4362,Online
4363,Travel
4364,Food
4365,Travel
4366,Retail
4367,Travel
4368,Travel
4369,Other
4370,Travel
4371,Retail
4372,Online
4373,Other
4374,Other
4375,Food
4376,Online
4377,Retail
4378,Other
4379,Other
4380,Online
4381,Other
4382,Retail
4383,Food
4384,Retail
4385,Retail
4386,Online
4387,Travel
4388,Food
4389,Other
4390,Online
4391,Retail
4392,Food
4393,Food
4394,Travel
4395,Retail
4396,Other
4397,Online
4398,Food
4399,Other
4400,Other
4401,Retail
4402,Travel
4403,Food
4404,Online
4405,Food
4406,Food
4407,Retail
4408,Retail
4409,Other
4410,Retail
4411,Online
4412,Travel
4413,Online
4414,Retail
4415,Online
4416,Online
4417,Retail
4418,Food
4419,Travel
4420,Other
4421,Food
4422,Retail
4423,Travel
4424,Food
4425,Other
4426,Travel
4427,Food
4428,Food
4429,Other
4430,Food
4431,Travel
4432,Food
4433,Travel
4434,Retail
4435,Online
4436,Travel
4437,Retail
4438,Retail
4439,Retail
4440,Other
4441,Other
4442,Food
4443,Retail
4444,Other
4445,Retail
4446,Travel
4447,Food
4448,Online
4449,Retail
4450,Food
4451,Retail
4452,Retail
4453,Retail
4454,Retail
4455,Online
4456,Food
4457,Retail
4458,Retail
4459,Online
4460,Retail
4461,Travel
4462,Food
4463,Travel
4464,Other
4465,Food
4466,Online
4467,Other
4468,Retail
4469,Travel
4470,Other
4471,Other
4472,Retail
4473,Food
4474,Online
4475,Other
4476,Travel
4477,Online
4478,Other
4479,Other
4480,Other
4481,Other
4482,Food
4483,Retail
4484,Food
4485,Retail
4486,Travel
4487,Online
4488,Online
4489,Retail
4490,Food
4491,Retail
4492,Online
4493,Retail
4494,Other
4495,Travel
4496,Travel
4497,Travel
4498,Food
4499,Travel
4500,Food
4501,Other
4502,Travel
4503,Online
4504,Retail
4505,Online
4506,Food
4507,Travel
4508,Travel
4509,Travel
4510,Other
4511,Online
4512,Online
4513,Travel
4514,Travel
4515,Retail
4516,Other
4517,Travel
4518,Other
4519,Retail
4520,Online
4521,Food
4522,Retail
4523,Other
4524,Food
4525,Online
4526,Other
4527,Food
4528,Other
4529,Food
4530,Other
4531,Food
4532,Retail
4533,Retail
4534,Travel
4535,Online
4536,Food
4537,Food
4538,Food
4539,Other
4540,Other
4541,Online
4542,Retail
4543,Online
4544,Online
4545,Food
4546,Retail
4547,Online
4548,Food
4549,Retail
4550,Food
4551,Travel
4552,Other
4553,Food
4554,Other
4555,Online
4556,Travel
4557,Food
4558,Travel
4559,Travel
4560,Retail
4561,Food
4562,Other
4563,Food
4564,Retail
4565,Travel
4566,Retail
4567,Travel
4568,Retail
4569,Food
4570,Travel
4571,Other
4572,Food
4573,Retail
4574,Other
4575,Food
4576,Other
4577,Food
4578,Other
4579,Other
4580,Travel
4581,Online
4582,Retail
4583,Retail
4584,Travel
4585,Other
4586,Other
4587,Retail
4588,Other
4589,Retail
4590,Retail
4591,Online
4592,Other
4593,Retail
4594,Other
4595,Retail
4596,Food
4597,Travel
4598,Travel
4599,Food
4600,Other
4601,Retail
4602,Travel
4603,Online
4604,Online
4605,Food
4606,Travel
4607,Retail
4608,Retail
4609,Travel
4610,Retail
4611,Online
4612,Food
4613,Online
4614,Online
4615,Online
4616,Other
4617,Retail
4618,Online
4619,Travel
4620,Retail
4621,Travel
4622,Food
4623,Travel
4624,Food
4625,Travel
4626,Travel
4627,Other
4628,Retail
4629,Other
4630,Retail
4631,Online
4632,Other
4633,Retail
4634,Retail
4635,Online
4636,Online
4637,Other
4638,Travel
4639,Online
4640,Travel
4641,Travel
4642,Online
4643,Travel
4644,Travel
4645,Food
4646,Online
4647,Travel
4648,Food
4649,Retail
4650,Online
4651,Other
4652,Travel
4653,Other
4654,Travel
4655,Food
4656,Online
4657,Other
4658,Retail
4659,Online
4660,Retail
4661,Food
4662,Other
4663,Retail
4664,Retail
4665,Food
4666,Travel
4667,Retail
4668,Travel
4669,Food
4670,Travel
4671,Food
4672,Online
4673,Travel
4674,Travel
4675,Food
4676,Online
4677,Food
4678,Food
4679,Food
4680,Other
4681,Other
4682,Food
4683,Other
4684,Food
4685,Food
4686,Online
4687,Food
4688,Online
4689,Other
4690,Online
4691,Other
4692,Other
4693,Retail
4694,Travel
4695,Travel
4696,Retail
4697,Food
4698,Travel
4699,Travel
4700,Other
4701,Online
4702,Retail
4703,Other
4704,Travel
4705,Food
4706,Other
4707,Online
4708,Other
4709,Other
4710,Online
4711,Retail
4712,Food
4713,Travel
4714,Online
4715,Online
4716,Retail
4717,Food
4718,Online
4719,Food
4720,Other
4721,Retail
4722,Online
4723,Online
4724,Travel
4725,Retail
4726,Online
4727,Retail
4728,Retail
4729,Retail
4730,Travel
4731,Other
4732,Retail
4733,Travel
4734,Travel
4735,Food
4736,Other
4737,Retail
4738,Travel
4739,Food
4740,Food
4741,Online
4742,Travel
4743,Travel
4744,Other
4745,Travel
4746,Other
4747,Online
4748,Food
4749,Food
4750,Food
4751,Online
4752,Travel
4753,Online
4754,Other
4755,Travel
4756,Food
4757,Food
4758,Online
4759,Retail
4760,Travel
4761,Other
4762,Food
4763,Other
4764,Food
4765,Other
4766,Online
4767,Retail
4768,Online
4769,Travel
4770,Retail
4771,Food
4772,Travel
4773,Online
4774,Travel
4775,Retail
4776,Online
4777,Food
4778,Other
4779,Online
4780,Retail
4781,Food
4782,Retail
4783,Online
4784,Online
4785,Food
4786,Online
4787,Other
4788,Online
4789,Online
4790,Retail
4791,Food
4792,Online
4793,Online
4794,Online
4795,Other
4796,Food
4797,Travel
4798,Travel
4799,Other
4800,Travel
4801,Online
4802,Travel
4803,Other
4804,Travel
4805,Online
4806,Travel
4807,Retail
4808,Online
4809,Retail
4810,Online
4811,Online
4812,Other
4813,Online
4814,Retail
4815,Other
4816,Food
4817,Retail
4818,Retail
4819,Other
4820,Travel
4821,Online
4822,Retail
4823,Retail
4824,Retail
4825,Travel
4826,Food
4827,Food
4828,Other
4829,Retail
4830,Food
4831,Online
4832,Online
4833,Online
4834,Retail
4835,Food
4836,Online
4837,Retail
4838,Other
4839,Online
4840,Food
4841,Food
4842,Online
4843,Other
4844,Online
4845,Other
4846,Retail
4847,Other
4848,Travel
4849,Retail
4850,Other
4851,Retail
4852,Travel
4853,Other
4854,Online
4855,Online
4856,Travel
4857,Other
4858,Food
4859,Retail
4860,Retail
4861,Travel
4862,Food
4863,Online
4864,Online
4865,Retail
4866,Other
4867,Food
4868,Travel
4869,Retail
4870,Travel
4871,Travel
4872,Travel
4873,Food
4874,Retail
4875,Food
4876,Travel
4877,Food
4878,Travel
4879,Travel
4880,Travel
4881,Online
4882,Travel
4883,Food
4884,Other
4885,Online
4886,Online
4887,Retail
4888,Other
4889,Online
4890,Food
4891,Retail
4892,Food
4893,Food
4894,Food
4895,Food
4896,Online
4897,Online
4898,Travel
4899,Food
4900,Travel
4901,Travel
4902,Travel
4903,Food
4904,Online
4905,Food
4906,Retail
4907,Online
4908,Food
4909,Retail
4910,Travel
4911,Retail
4912,Travel
4913,Other
4914,Travel
4915,Online
4916,Online
4917,Food
4918,Retail
4919,Food
4920,Online
4921,Travel
4922,Other
4923,Online
4924,Online
4925,Food
4926,Food
4927,Travel
4928,Retail
4929,Online
4930,Retail
4931,Food
4932,Retail
4933,Food
4934,Online
4935,Food
4936,Food
4937,Retail
4938,Retail
4939,Food
4940,Retail
4941,Online
4942,Food
4943,Other
4944,Other
4945,Online
4946,Online
4947,Retail
4948,Online
4949,Retail
4950,Food
4951,Travel
4952,Other
4953,Food
4954,Other
4955,Other
4956,Retail
4957,Retail
4958,Retail
4959,Travel
4960,Travel
4961,Online
4962,Food
4963,Online
4964,Other
4965,Food
4966,Online
4967,Retail
4968,Retail
4969,Online
4970,Other
4971,Other
4972,Retail
4973,Retail
4974,Other
4975,Food
4976,Travel
4977,Online
4978,Online
4979,Retail
4980,Other
4981,Online
4982,Travel
4983,Other
4984,Food
4985,Online
4986,Other
4987,Online
4988,Retail
4989,Food
4990,Food
4991,Online
4992,Food
4993,Retail
4994,Other
4995,Travel
4996,Retail
4997,Retail
4998,Travel
4999,Food
5000,Other
5001,Other
5002,Retail
5003,Travel
5004,Travel
5005,Other
5006,Online
5007,Retail
5008,Other
5009,Online
5010,Travel
5011,Online
5012,Online
5013,Other
5014,Food
5015,Retail
5016,Other
5017,Retail
5018,Other
5019,Retail
5020,Online
5021,Other
5022,Retail
5023,Food
5024,Food
5025,Food
5026,Online
5027,Retail
5028,Travel
5029,Retail
5030,Food
5031,Food
5032,Online
5033,Other
5034,Retail
5035,Other
5036,Food
5037,Other
5038,Online
5039,Travel
5040,Online
5041,Food
5042,Other
5043,Online
5044,Food
5045,Food
5046,Travel
5047,Online
5048,Online
5049,Food
5050,Other
5051,Other
5052,Retail
5053,Online
5054,Food
5055,Travel
5056,Travel
5057,Retail
5058,Travel
5059,Other
5060,Other
5061,Online
5062,Travel
5063,Retail
5064,Retail
5065,Online
5066,Retail
5067,Other
5068,Retail
5069,Online
5070,Travel
5071,Online
5072,Travel
5073,Retail
5074,Retail
5075,Other
5076,Other
5077,Retail
5078,Food
5079,Retail
5080,Online
5081,Other
5082,Travel
5083,Other
5084,Food
5085,Food
5086,Retail
5087,Online
5088,Food
5089,Other
5090,Travel
5091,Online
5092,Travel
5093,Other
5094,Retail
5095,Other
5096,Retail
5097,Travel
5098,Other
5099,Travel
5100,Other
5101,Retail
5102,Online
5103,Online
5104,Online
5105,Online
5106,Retail
5107,Food
5108,Other
5109,Online
5110,Online
5111,Travel
5112,Online
5113,Online
5114,Retail
5115,Travel
5116,Other
5117,Food
5118,Travel
5119,Food
5120,Online
5121,Other
5122,Other
5123,Travel
5124,Online
5125,Retail
5126,Travel
5127,Food
5128,Retail
5129,Online
5130,Food
5131,Online
5132,Other
5133,Other
5134,Food
5135,Food
5136,Other
5137,Other
5138,Food
5139,Food
5140,Travel
5141,Online
5142,Retail
5143,Online
5144,Travel
5145,Retail
5146,Travel
5147,Online
5148,Other
5149,Travel
5150,Retail
5151,Online
5152,Online
5153,Other
5154,Other
5155,Retail
5156,Other
5157,Food
5158,Other
5159,Food
5160,Retail
5161,Online
5162,Online
5163,Online
5164,Food
5165,Other
5166,Food
5167,Online
5168,Retail
5169,Retail
5170,Other
5171,Online
5172,Travel
5173,Retail
5174,Retail
5175,Online
5176,Food
5177,Travel
5178,Other
5179,Other
5180,Travel
5181,Travel
5182,Travel
5183,Online
5184,Food
5185,Food
5186,Travel
5187,Retail
5188,Retail
5189,Other
5190,Retail
5191,Online
5192,Other
5193,Online
5194,Online
5195,Retail
5196,Travel
5197,Other
5198,Other
5199,Retail
5200,Online
5201,Other
5202,Other
5203,Travel
5204,Food
5205,Travel
5206,Online
5207,Retail
5208,Other
5209,Food
5210,Food
5211,Online
5212,Retail
5213,Retail
5214,Food
5215,Retail
5216,Food
5217,Retail
5218,Travel
5219,Other
5220,Online
5221,Retail
5222,Other
5223,Other
5224,Food
5225,Food
5226,Online
5227,Retail
5228,Travel
5229,Retail
5230,Online
5231,Food
5232,Travel
5233,Food
5234,Travel
5235,Online
5236,Other
5237,Other
5238,Retail
5239,Retail
5240,Retail
5241,Travel
5242,Other
5243,Retail
5244,Online
5245,Food
5246,Retail
5247,Retail
5248,Other
5249,Online
5250,Travel
5251,Other
5252,Online
5253,Other
5254,Travel
5255,Other
5256,Food
5257,Retail
5258,Travel
5259,Travel
5260,Online
5261,Travel
5262,Travel
5263,Online
5264,Online
5265,Other
5266,Travel
5267,Other
5268,Other
5269,Travel
5270,Online
5271,Food
5272,Other
5273,Travel
5274,Online
5275,Online
5276,Food
5277,Other
5278,Online
5279,Other
5280,Food
5281,Online
5282,Food
5283,Other
5284,Other
5285,Other
5286,Online
5287,Retail
5288,Other
5289,Food
5290,Online
5291,Retail
5292,Retail
5293,Other
5294,Food
5295,Other
5296,Other
5297,Online
5298,Travel
5299,Retail
5300,Travel
5301,Travel
5302,Other
5303,Retail
5304,Food
5305,Retail
5306,Food
5307,Other
5308,Retail
5309,Food
5310,Travel
5311,Food
5312,Travel
5313,Travel
5314,Online
5315,Other
5316,Food
5317,Online
5318,Online
5319,Online
5320,Food
5321,Retail
5322,Online
5323,Online
5324,Retail
5325,Other
5326,Food
5327,Other
5328,Online
5329,Food
5330,Retail
5331,Food
5332,Travel
5333,Other
5334,Travel
5335,Other
5336,Retail
5337,Travel
5338,Online
5339,Online
5340,Food
5341,Online
5342,Travel
5343,Online
5344,Online
5345,Retail
5346,Food
5347,Travel
5348,Other
5349,Online
5350,Food
5351,Food
5352,Food
5353,Other
5354,Other
5355,Retail
5356,Food
5357,Online
5358,Online
5359,Online
5360,Retail
5361,Food
5362,Travel
5363,Online
5364,Travel
5365,Food
5366,Other
5367,Online
5368,Other
5369,Other
5370,Retail
5371,Travel
5372,Retail
5373,Online
5374,Online
5375,Other
5376,Food
5377,Retail
5378,Online
5379,Food
5380,Food
5381,Online
5382,Food
5383,Online
5384,Other
5385,Online
5386,Food
5387,Online
5388,Travel
5389,Food
5390,Other
5391,Online
5392,Food
5393,Other
5394,Retail
5395,Retail
5396,Online
5397,Retail
5398,Other
5399,Online
5400,Other
5401,Online
5402,Other
5403,Travel
5404,Retail
5405,Retail
5406,Food
5407,Other
5408,Retail
5409,Travel
5410,Food
5411,Retail
5412,Retail
5413,Retail
5414,Other
5415,Retail
5416,Retail
5417,Retail
5418,Retail
5419,Food
5420,Food
5421,Other
5422,Online
5423,Food
5424,Food
5425,Other
5426,Food
5427,Food
5428,Food
5429,Online
5430,Travel
5431,Food
5432,Retail
5433,Other
5434,Other
5435,Travel
5436,Online
5437,Food
5438,Food
5439,Online
5440,Online
5441,Food
5442,Online
5443,Retail
5444,Travel
5445,Other
5446,Food
5447,Travel
5448,Other
5449,Retail
5450,Other
5451,Travel
5452,Online
5453,Retail
5454,Online
5455,Travel
5456,Other
5457,Online
5458,Travel
5459,Travel
5460,Other
5461,Retail
5462,Retail
5463,Online
5464,Food
5465,Other
5466,Retail
5467,Other
5468,Travel
5469,Food
5470,Travel
5471,Food
5472,Retail
5473,Other
5474,Travel
5475,Other
5476,Food
5477,Food
5478,Retail
5479,Food
5480,Travel
5481,Retail
5482,Travel
5483,Travel
5484,Travel
5485,Food
5486,Travel
5487,Retail
5488,Other
5489,Online
5490,Online
5491,Retail
5492,Travel
5493,Other
5494,Other
5495,Online
5496,Online
5497,Other
5498,Travel
5499,Retail
5500,Retail
5501,Other
5502,Food
5503,Online
5504,Online
5505,Online
5506,Retail
5507,Other
5508,Online
5509,Online
5510,Other
5511,Food
5512,Retail
5513,Food
5514,Online
5515,Retail
5516,Other
5517,Other
5518,Travel
5519,Other
5520,Other
5521,Retail
5522,Online
5523,Online
5524,Travel
5525,Other
5526,Food
5527,Travel
5528,Online
5529,Online
5530,Online
5531,Retail
5532,Travel
5533,Other
5534,Food
5535,Travel
5536,Travel
5537,Online
5538,Retail
5539,Travel
5540,Other
5541,Food
5542,Other
5543,Retail
5544,Travel
5545,Retail
5546,Other
5547,Online
5548,Food
5549,Food
5550,Travel
5551,Retail
5552,Travel
5553,Other
5554,Other
5555,Food
5556,Other
5557,Food
5558,Online
5559,Travel
5560,Retail
5561,Food
5562,Other
5563,Other
5564,Other
5565,Other
5566,Online
5567,Online
5568,Travel
5569,Online
5570,Retail
5571,Travel
5572,Online
5573,Online
5574,Food
5575,Food
5576,Travel
5577,Retail
5578,Other
5579,Online
5580,Retail
5581,Online
5582,Food
5583,Travel
5584,Other
5585,Retail
5586,Online
5587,Food
5588,Online
5589,Retail
5590,Travel
5591,Online
5592,Online
5593,Travel
5594,Retail
5595,Retail
5596,Retail
5597,Retail
5598,Travel
5599,Retail
5600,Retail
5601,Travel
5602,Food
5603,Online
5604,Travel
5605,Travel
5606,Food
5607,Retail
5608,Retail
5609,Online
5610,Food
5611,Food
5612,Online
5613,Travel
5614,Other
5615,Retail
5616,Retail
5617,Online
5618,Other
5619,Other
5620,Online
5621,Travel
5622,Food
5623,Retail
5624,Online
5625,Online
5626,Travel
5627,Online
5628,Food
5629,Online
5630,Other
5631,Food
5632,Travel
5633,Travel
5634,Food
5635,Online
5636,Other
5637,Online
5638,Other
5639,Travel
5640,Travel
5641,Online
5642,Other
5643,Travel
5644,Travel
5645,Retail
5646,Travel
5647,Other
5648,Other
5649,Food
5650,Online
5651,Travel
5652,Online
5653,Other
5654,Retail
5655,Online
5656,Online
5657,Travel
5658,Other
5659,Travel
5660,Online
5661,Online
5662,Online
5663,Online
5664,Food
5665,Travel
5666,Travel
5667,Food
5668,Travel
5669,Travel
5670,Other
5671,Other
5672,Food
5673,Other
5674,Online
5675,Food
5676,Online
5677,Online
5678,Food
5679,Retail
5680,Other
5681,Travel
5682,Online
5683,Food
5684,Retail
5685,Other
5686,Food
5687,Online
5688,Other
5689,Food
5690,Retail
5691,Online
5692,Travel
5693,Online
5694,Retail
5695,Travel
5696,Travel
5697,Travel
5698,Online
5699,Retail
5700,Travel
5701,Travel
5702,Online
5703,Other
5704,Online
5705,Food
5706,Travel
5707,Food
5708,Travel
5709,Online
5710,Travel
5711,Travel
5712,Other
5713,Other
5714,Retail
5715,Other
5716,Online
5717,Travel
5718,Food
5719,Food
5720,Retail
5721,Retail
5722,Retail
5723,Retail
5724,Food
5725,Online
5726,Food
5727,Travel
5728,Online
5729,Retail
5730,Other
5731,Food
5732,Other
5733,Food
5734,Other
5735,Food
5736,Food
5737,Food
5738,Travel
5739,Online
5740,Other
5741,Other
5742,Online
5743,Food
5744,Other
5745,Other
5746,Travel
5747,Online
5748,Other
5749,Travel
5750,Travel
5751,Food
5752,Online
5753,Retail
5754,Travel
5755,Food
5756,Travel
5757,Retail
5758,Retail
5759,Food
5760,Online
5761,Food
5762,Travel
5763,Travel
5764,Food
5765,Retail
5766,Other
5767,Retail
5768,Food
5769,Online
5770,Online
5771,Retail
5772,Travel
5773,Travel
5774,Travel
5775,Travel
5776,Other
5777,Other
5778,Travel
5779,Retail
5780,Retail
5781,Online
5782,Retail
5783,Online
5784,Other
5785,Food
5786,Online
5787,Food
5788,Retail
5789,Travel
5790,Food
5791,Other
5792,Online
5793,Other
5794,Travel
5795,Retail
5796,Retail
5797,Food
5798,Food
5799,Travel
5800,Retail
5801,Retail
5802,Other
5803,Other
5804,Retail
5805,Travel
5806,Retail
5807,Retail
5808,Retail
5809,Other
5810,Food
5811,Food
5812,Online
5813,Food
5814,Travel
5815,Retail
5816,Retail
5817,Retail
5818,Travel
5819,Retail
5820,Food
5821,Online
5822,Online
5823,Travel
5824,Other
5825,Travel
5826,Online
5827,Food
5828,Food
5829,Other
5830,Other
5831,Food
5832,Food
5833,Travel
5834,Food
5835,Online
5836,Travel
5837,Retail
5838,Travel
5839,Retail
5840,Travel
5841,Online
5842,Other
5843,Travel
5844,Online
5845,Other
5846,Retail
5847,Retail
5848,Travel
5849,Food
5850,Online
5851,Retail
5852,Retail
5853,Food
5854,Online
5855,Retail
5856,Retail
5857,Travel
5858,Online
5859,Travel
5860,Online
5861,Retail
5862,Retail
5863,Travel
5864,Food
5865,Online
5866,Food
5867,Online
5868,Online
5869,Travel
5870,Food
5871,Food
5872,Online
5873,Retail
5874,Other
5875,Retail
5876,Food
5877,Retail
5878,Online
5879,Online
5880,Other
5881,Retail
5882,Other
5883,Online
5884,Food
5885,Other
5886,Travel
5887,Food
5888,Other
5889,Retail
5890,Online
5891,Retail
5892,Travel
5893,Travel
5894,Retail
5895,Online
5896,Travel
5897,Travel
5898,Retail
5899,Other
5900,Travel
5901,Online
5902,Travel
5903,Other
5904,Online
5905,Retail
5906,Other
5907,Travel
5908,Online
5909,Retail
5910,Other
5911,Other
5912,Online
5913,Other
5914,Travel
5915,Online
5916,Retail
5917,Travel
5918,Retail
5919,Online
5920,Travel
5921,Retail
5922,Online
5923,Other
5924,Travel
5925,Retail
5926,Retail
5927,Online
5928,Travel
5929,Travel
5930,Online
5931,Food
5932,Food
5933,Travel
5934,Online
5935,Online
5936,Food
5937,Food
5938,Food
5939,Food
5940,Travel
5941,Retail
5942,Food
5943,Online
5944,Food
5945,Retail
5946,Food
5947,Online
5948,Retail
5949,Food
5950,Travel
5951,Food
5952,Retail
5953,Travel
5954,Online
5955,Other
5956,Other
5957,Travel
5958,Retail
5959,Retail
5960,Retail
5961,Online
5962,Travel
5963,Retail
5964,Travel
5965,Retail
5966,Retail
5967,Travel
5968,Travel
5969,Retail
5970,Other
5971,Online
5972,Travel
5973,Food
5974,Online
5975,Retail
5976,Other
5977,Food
5978,Food
5979,Retail
5980,Food
5981,Retail
5982,Travel
5983,Travel
5984,Other
5985,Other
5986,Online
5987,Other
5988,Online
5989,Online
5990,Travel
5991,Other
5992,Food
5993,Travel
5994,Travel
5995,Other
5996,Food
5997,Food
5998,Travel
5999,Food
6000,Online
6001,Online
6002,Food
6003,Food
6004,Travel
6005,Retail
6006,Other
6007,Retail
6008,Online
6009,Food
6010,Travel
6011,Retail
6012,Online
6013,Other
6014,Other
6015,Other
6016,Travel
6017,Other
6018,Retail
6019,Travel
6020,Food
6021,Travel
6022,Online
6023,Online
6024,Food
6025,Food
6026,Retail
6027,Food
6028,Retail
6029,Retail
6030,Other
6031,Online
6032,Food
6033,Online
6034,Retail
6035,Travel
6036,Food
6037,Online
6038,Retail
6039,Online
6040,Food
6041,Retail
6042,Food
6043,Other
6044,Travel
6045,Travel
6046,Food
6047,Food
6048,Food
6049,Retail
6050,Retail
6051,Retail
6052,Travel
6053,Retail
6054,Retail
6055,Online
6056,Other
6057,Travel
6058,Other
6059,Other
6060,Food
6061,Travel
6062,Retail
6063,Online
6064,Retail
6065,Retail
6066,Online
6067,Online
6068,Other
6069,Food
6070,Food
6071,Travel
6072,Food
6073,Food
6074,Travel
6075,Travel
6076,Retail
6077,Online
6078,Retail
6079,Travel
6080,Online
6081,Travel
6082,Online
6083,Retail
6084,Online
6085,Retail
6086,Retail
6087,Food
6088,Food
6089,Online
6090,Other
6091,Retail
6092,Travel
6093,Other
6094,Other
6095,Retail
6096,Food
6097,Online
6098,Food
6099,Online
6100,Online
6101,Travel
6102,Retail
6103,Other
6104,Retail
6105,Food
6106,Travel
6107,Other
6108,Online
6109,Travel
6110,Travel
6111,Food
6112,Online
6113,Online
6114,Food
6115,Travel
6116,Travel
6117,Retail
6118,Online
6119,Food
6120,Other
6121,Other
6122,Travel
6123,Online
6124,Other
6125,Retail
6126,Food
6127,Retail
6128,Travel
6129,Retail
6130,Online
6131,Online
6132,Travel
6133,Travel
6134,Travel
6135,Food
6136,Online
6137,Retail
6138,Other
6139,Travel
6140,Online
6141,Online
6142,Online
6143,Retail
6144,Food
6145,Online
6146,Retail
6147,Food
6148,Online
6149,Online
6150,Other
6151,Other
6152,Retail
6153,Retail
6154,Food
6155,Online
6156,Travel
6157,Retail
6158,Travel
6159,Retail
6160,Online
6161,Other
6162,Travel
6163,Retail
6164,Other
6165,Retail
6166,Other
6167,Retail
6168,Retail
6169,Travel
6170,Other
6171,Online
6172,Online
6173,Online
6174,Retail
6175,Retail
6176,Retail
6177,Online
6178,Online
6179,Online
6180,Online
6181,Retail
6182,Travel
6183,Online
6184,Other
6185,Other
6186,Travel
6187,Retail
6188,Other
6189,Other
6190,Travel
6191,Retail
6192,Food
6193,Food
6194,Travel
6195,Online
6196,Online
6197,Other
6198,Other
6199,Food
6200,Travel
6201,Online
6202,Other
6203,Retail
6204,Travel
6205,Travel
6206,Food
6207,Other
6208,Other
6209,Retail
6210,Retail
6211,Food
6212,Other
6213,Online
6214,Travel
6215,Retail
6216,Retail
6217,Other
6218,Other
6219,Food
6220,Retail
6221,Food
6222,Retail
6223,Food
6224,Food
6225,Online
6226,Online
6227,Travel
6228,Retail
6229,Travel
6230,Food
6231,Online
6232,Online
6233,Other
6234,Other
6235,Other
6236,Travel
6237,Retail
6238,Online
6239,Travel
6240,Food
6241,Retail
6242,Other
6243,Other
6244,Travel
6245,Retail
6246,Travel
6247,Retail
6248,Food
6249,Travel
6250,Retail
6251,Travel
6252,Retail
6253,Food
6254,Food
6255,Online
6256,Online
6257,Food
6258,Retail
6259,Travel
6260,Other
6261,Retail
6262,Online
6263,Food
6264,Travel
6265,Travel
6266,Retail
6267,Food
6268,Retail
6269,Retail
6270,Food
6271,Retail
6272,Other
6273,Food
6274,Online
6275,Online
6276,Other
6277,Other
6278,Food
6279,Retail
6280,Travel
6281,Online
6282,Online
6283,Food
6284,Online
6285,Travel
6286,Food
6287,Online
6288,Travel
6289,Online
6290,Travel
6291,Travel
6292,Online
6293,Other
6294,Food
6295,Food
6296,Food
6297,Retail
6298,Online
6299,Travel
6300,Travel
6301,Online
6302,Retail
6303,Retail
6304,Retail
6305,Food
6306,Food
6307,Online
6308,Online
6309,Online
6310,Online
6311,Food
6312,Other
6313,Other
6314,Retail
6315,Other
6316,Travel
6317,Travel
6318,Retail
6319,Travel
6320,Online
6321,Online
6322,Online
6323,Travel
6324,Online
6325,Retail
6326,Retail
6327,Other
6328,Online
6329,Retail
6330,Other
6331,Retail
6332,Online
6333,Other
6334,Online
6335,Online
6336,Food
6337,Travel
6338,Food
6339,Other
6340,Food
6341,Online
6342,Other
6343,Retail
6344,Food
6345,Travel
6346,Online
6347,Food
6348,Other
6349,Food
6350,Food
6351,Retail
6352,Other
6353,Food
6354,Other
6355,Online
6356,Food
6357,Food
6358,Travel
6359,Other
6360,Travel
6361,Retail
6362,Online
6363,Retail
6364,Online
6365,Travel
6366,Other
6367,Retail
6368,Travel
6369,Online
6370,Other
6371,Travel
6372,Retail
6373,Food
6374,Retail
6375,Food
6376,Food
6377,Food
6378,Retail
6379,Retail
6380,Travel
6381,Retail
6382,Travel
6383,Retail
6384,Food
6385,Food
6386,Food
6387,Other
6388,Travel
6389,Food
6390,Travel
6391,Food
6392,Food
6393,Food
6394,Food
6395,Other
6396,Other
6397,Retail
6398,Online
6399,Online
6400,Other
6401,Food
6402,Food
6403,Retail
6404,Travel
6405,Retail
6406,Retail
6407,Other
6408,Online
6409,Retail
6410,Food
6411,Food
6412,Online
6413,Travel
6414,Online
6415,Online
6416,Online
6417,Online
6418,Travel
6419,Food
6420,Retail
6421,Online
6422,Food
6423,Retail
6424,Retail
6425,Retail
6426,Travel
6427,Travel
6428,Other
6429,Retail
6430,Food
6431,Food
6432,Retail
6433,Other
6434,Online
6435,Other
6436,Retail
6437,Travel
6438,Food
6439,Travel
6440,Online
6441,Online
6442,Online
6443,Travel
6444,Online
6445,Travel
6446,Travel
6447,Online
6448,Retail
6449,Food
6450,Food
6451,Other
6452,Travel
6453,Retail
6454,Travel
6455,Online
6456,Travel
6457,Retail
6458,Other
6459,Travel
6460,Retail
6461,Travel
6462,Retail
6463,Travel
6464,Travel
6465,Other
6466,Retail
6467,Other
6468,Other
6469,Food
6470,Retail
6471,Food
6472,Retail
6473,Other
6474,Travel
6475,Food
6476,Other
6477,Travel
6478,Other
6479,Online
6480,Online
6481,Retail
6482,Travel
6483,Retail
6484,Travel
6485,Food
6486,Retail
6487,Travel
6488,Travel
6489,Retail
6490,Travel
6491,Online
6492,Other
6493,Other
6494,Other
6495,Food
6496,Online
6497,Other
6498,Online
6499,Other
6500,Travel
6501,Retail
6502,Other
6503,Retail
6504,Travel
6505,Retail
6506,Food
6507,Travel
6508,Retail
6509,Food
6510,Travel
6511,Travel
6512,Retail
6513,Online
6514,Travel
6515,Other
6516,Other
6517,Food
6518,Travel
6519,Online
6520,Online
6521,Food
6522,Retail
6523,Travel
6524,Retail
6525,Food
6526,Other
6527,Other
6528,Other
6529,Food
6530,Travel
6531,Other
6532,Travel
6533,Travel
6534,Retail
6535,Retail
6536,Other
6537,Food
6538,Retail
6539,Retail
6540,Other
6541,Travel
6542,Food
6543,Travel
6544,Food
6545,Retail
6546,Food
6547,Online
6548,Online
6549,Retail
6550,Travel
6551,Online
6552,Food
6553,Food
6554,Online
6555,Online
6556,Travel
6557,Retail
6558,Travel
6559,Travel
6560,Food
6561,Other
6562,Retail
6563,Online
6564,Other
6565,Travel
6566,Online
6567,Online
6568,Food
6569,Food
6570,Food
6571,Food
6572,Travel
6573,Retail
6574,Travel
6575,Retail
6576,Online
6577,Other
6578,Travel
6579,Travel
6580,Retail
6581,Food
6582,Online
6583,Food
6584,Other
6585,Other
6586,Travel
6587,Retail
6588,Retail
6589,Retail
6590,Other
6591,Retail
6592,Food
6593,Food
6594,Online
6595,Online
6596,Other
6597,Online
6598,Travel
6599,Other
6600,Other
6601,Other
6602,Retail
6603,Travel
6604,Other
6605,Food
6606,Food
6607,Other
6608,Food
6609,Retail
6610,Travel
6611,Travel
6612,Other
6613,Retail
6614,Online
6615,Food
6616,Retail
6617,Travel
6618,Travel
6619,Retail
6620,Other
6621,Travel
6622,Online
6623,Online
6624,Online
6625,Travel
6626,Food
6627,Other
6628,Travel
6629,Online
6630,Online
6631,Other
6632,Other
6633,Retail
6634,Online
6635,Retail
6636,Food
6637,Retail
6638,Retail
6639,Online
6640,Food
6641,Travel
6642,Retail
6643,Food
6644,Travel
6645,Other
6646,Retail
6647,Online
6648,Food
6649,Travel
6650,Other
6651,Retail
6652,Online
6653,Online
6654,Other
6655,Travel
6656,Online
6657,Online
6658,Travel
6659,Food
6660,Food
6661,Travel
6662,Other
6663,Other
6664,Other
6665,Other
6666,Retail
6667,Online
6668,Online
6669,Food
6670,Travel
6671,Travel
6672,Travel
6673,Retail
6674,Retail
6675,Other
6676,Other
6677,Online
6678,Other
6679,Other
6680,Travel
6681,Other
6682,Food
6683,Other
6684,Travel
6685,Online
6686,Other
6687,Food
6688,Travel
6689,Food
6690,Other
6691,Other
6692,Online
6693,Online
6694,Travel
6695,Food
6696,Retail
6697,Retail
6698,Other
6699,Food
6700,Travel
6701,Food
6702,Travel
6703,Retail
6704,Online
6705,Other
6706,Food
6707,Other
6708,Online
6709,Food
6710,Other
6711,Retail
6712,Travel
6713,Retail
6714,Food
6715,Travel
6716,Other
6717,Food
6718,Travel
6719,Food
6720,Retail
6721,Online
6722,Retail
6723,Other
6724,Food
6725,Travel
6726,Online
6727,Online
6728,Travel
6729,Other
6730,Travel
6731,Food
6732,Other
6733,Travel
6734,Retail
6735,Other
6736,Retail
6737,Other
6738,Travel
6739,Online
6740,Travel
6741,Travel
6742,Food
6743,Food
6744,Retail
6745,Retail
6746,Retail
6747,Retail
6748,Retail
6749,Other
6750,Other
6751,Retail
6752,Other
6753,Online
6754,Online
6755,Other
6756,Travel
6757,Other
6758,Food
6759,Other
6760,Online
6761,Retail
6762,Travel
6763,Online
6764,Other
6765,Online
6766,Food
6767,Food
6768,Retail
6769,Travel
6770,Retail
6771,Retail
6772,Other
6773,Travel
6774,Food
6775,Other
6776,Other
6777,Retail
6778,Travel
6779,Online
6780,Food
6781,Retail
6782,Other
6783,Travel
6784,Retail
6785,Food
6786,Travel
6787,Travel
6788,Food
6789,Retail
6790,Other
6791,Other
6792,Other
6793,Food
6794,Other
6795,Online
6796,Food
6797,Other
6798,Online
6799,Other
6800,Online
6801,Retail
6802,Other
6803,Online
6804,Food
6805,Retail
6806,Travel
6807,Online
6808,Retail
6809,Retail
6810,Food
6811,Other
6812,Retail
6813,Other
6814,Other
6815,Other
6816,Other
6817,Travel
6818,Food
6819,Travel
6820,Food
6821,Travel
6822,Travel
6823,Food
6824,Other
6825,Other
6826,Retail
6827,Online
6828,Other
6829,Other
6830,Retail
6831,Other
6832,Online
6833,Travel
6834,Food
6835,Other
6836,Food
6837,Food
6838,Online
6839,Travel
6840,Travel
6841,Online
6842,Other
6843,Food
6844,Food
6845,Online
6846,Retail
6847,Other
6848,Travel
6849,Other
6850,Food
6851,Other
6852,Food
6853,Online
6854,Travel
6855,Retail
6856,Travel
6857,Retail
6858,Travel
6859,Food
6860,Travel
6861,Retail
6862,Retail
6863,Retail
6864,Food
6865,Travel
6866,Food
6867,Retail
6868,Online
6869,Online
6870,Travel
6871,Online
6872,Retail
6873,Food
6874,Retail
6875,Retail
6876,Travel
6877,Travel
6878,Food
6879,Online
6880,Other
6881,Travel
6882,Travel
6883,Other
6884,Retail
6885,Other
6886,Other
6887,Online
6888,Retail
6889,Food
6890,Food
6891,Retail
6892,Food
6893,Travel
6894,Retail
6895,Food
6896,Food
6897,Food
6898,Food
6899,Other
6900,Retail
6901,Food
6902,Other
6903,Retail
6904,Other
6905,Travel
6906,Food
6907,Travel
6908,Online
6909,Food
6910,Retail
6911,Retail
6912,Retail
6913,Food
6914,Online
6915,Retail
6916,Retail
6917,Other
6918,Travel
6919,Other
6920,Retail
6921,Online
6922,Food
6923,Food
6924,Travel
6925,Travel
6926,Travel
6927,Food
6928,Travel
6929,Travel
6930,Other
6931,Travel
6932,Retail
6933,Retail
6934,Online
6935,Online
6936,Retail
6937,Online
6938,Food
6939,Other
6940,Other
6941,Online
6942,Retail
6943,Other
6944,Online
6945,Retail
6946,Retail
6947,Travel
6948,Other
6949,Retail
6950,Retail
6951,Travel
6952,Online
6953,Online
6954,Travel
6955,Travel
6956,Food
6957,Retail
6958,Online
6959,Food
6960,Other
6961,Travel
6962,Other
6963,Travel
6964,Other
6965,Retail
6966,Travel
6967,Online
6968,Other
6969,Online
6970,Food
6971,Other
6972,Food
6973,Other
6974,Retail
6975,Food
6976,Other
6977,Other
6978,Retail
6979,Food
6980,Online
6981,Travel
6982,Retail
6983,Online
6984,Online
6985,Travel
6986,Travel
6987,Travel
6988,Other
6989,Other
6990,Online
6991,Online
6992,Retail
6993,Food
6994,Travel
6995,Travel
6996,Travel
6997,Online
6998,Online
6999,Food
7000,Online
7001,Travel
7002,Travel
7003,Food
7004,Other
7005,Other
7006,Travel
7007,Retail
7008,Other
7009,Online
7010,Other
7011,Online
7012,Other
7013,Other
7014,Other
7015,Travel
7016,Travel
7017,Retail
7018,Other
7019,Food
7020,Retail
7021,Other
7022,Food
7023,Travel
7024,Online
7025,Food
7026,Other
7027,Other
7028,Food
7029,Food
7030,Food
7031,Food
7032,Food
7033,Other
7034,Other
7035,Food
7036,Retail
7037,Food
7038,Food
7039,Food
7040,Online
7041,Travel
7042,Retail
7043,Travel
7044,Retail
7045,Retail
7046,Online
7047,Other
7048,Retail
7049,Other
7050,Food
7051,Online
7052,Travel
7053,Other
7054,Food
7055,Retail
7056,Retail
7057,Retail
7058,Other
7059,Retail
7060,Other
7061,Online
7062,Other
7063,Retail
7064,Travel
7065,Retail
7066,Online
7067,Travel
7068,Online
7069,Other
7070,Travel
7071,Travel
7072,Retail
7073,Online
7074,Other
7075,Food
7076,Online
7077,Food
7078,Other
7079,Other
7080,Retail
7081,Travel
7082,Travel
7083,Food
7084,Food
7085,Online
7086,Food
7087,Retail
7088,Travel
7089,Other
7090,Travel
7091,Food
7092,Retail
7093,Other
7094,Food
7095,Food
7096,Travel
7097,Food
7098,Online
7099,Online
7100,Other
7101,Other
7102,Travel
7103,Other
7104,Other
7105,Other
7106,Online
7107,Online
7108,Other
7109,Online
7110,Food
7111,Food
7112,Retail
7113,Travel
7114,Online
7115,Online
7116,Food
7117,Other
7118,Food
7119,Online
7120,Travel
7121,Travel
7122,Travel
7123,Travel
7124,Retail
7125,Travel
7126,Food
7127,Online
7128,Online
7129,Retail
7130,Online
7131,Retail
7132,Food
7133,Food
7134,Travel
7135,Online
7136,Other
7137,Food
7138,Travel
7139,Other
7140,Other
7141,Retail
7142,Other
7143,Online
7144,Food
7145,Food
7146,Online
7147,Retail
7148,Food
7149,Food
7150,Retail
7151,Retail
7152,Travel
7153,Food
7154,Other
7155,Retail
7156,Other
7157,Online
7158,Online
7159,Food
7160,Online
7161,Online
7162,Retail
7163,Other
7164,Travel
7165,Retail
7166,Online
7167,Other
7168,Online
7169,Retail
7170,Retail
7171,Food
7172,Online
7173,Online
7174,Other
7175,Food
7176,Online
7177,Online
7178,Retail
7179,Other
7180,Retail
7181,Other
7182,Travel
7183,Online
7184,Food
7185,Retail
7186,Travel
7187,Other
7188,Travel
7189,Retail
7190,Travel
7191,Other
7192,Travel
7193,Retail
7194,Food
7195,Online
7196,Online
7197,Travel
7198,Travel
7199,Retail
7200,Travel
7201,Online
7202,Retail
7203,Other
7204,Online
7205,Food
7206,Travel
7207,Food
7208,Online
7209,Food
7210,Online
7211,Retail
7212,Other
7213,Retail
7214,Other
7215,Travel
7216,Food
7217,Travel
7218,Other
7219,Other
7220,Travel
7221,Online
7222,Travel
7223,Retail
7224,Travel
7225,Travel
7226,Online
7227,Food
7228,Travel
7229,Food
7230,Food
7231,Other
7232,Retail
7233,Food
7234,Online
7235,Food
7236,Travel
7237,Food
7238,Other
7239,Travel
7240,Other
7241,Retail
7242,Food
7243,Retail
7244,Food
7245,Other
7246,Online
7247,Other
7248,Retail
7249,Food
7250,Food
7251,Travel
7252,Online
7253,Online
7254,Online
7255,Retail
7256,Online
7257,Retail
7258,Travel
7259,Food
7260,Other
7261,Online
7262,Other
7263,Travel
7264,Food
7265,Other
7266,Other
7267,Other
7268,Other
7269,Other
7270,Online
7271,Food
7272,Retail
7273,Travel
7274,Food
7275,Online
7276,Other
7277,Online
7278,Food
7279,Travel
7280,Online
7281,Other
7282,Other
7283,Travel
7284,Retail
7285,Food
7286,Travel
7287,Retail
7288,Other
7289,Retail
7290,Online
7291,Travel
7292,Online
7293,Online
7294,Other
7295,Other
7296,Food
7297,Other
7298,Retail
7299,Travel
7300,Travel
7301,Other
7302,Retail
7303,Retail
7304,Retail
7305,Food
7306,Online
7307,Travel
7308,Online
7309,Other
7310,Travel
7311,Online
7312,Other
7313,Other
7314,Online
7315,Food
7316,Other
7317,Online
7318,Online
7319,Other
7320,Other
7321,Travel
7322,Travel
7323,Travel
7324,Retail
7325,Retail
7326,Other
7327,Other
7328,Retail
7329,Online
7330,Online
7331,Online
7332,Travel
7333,Retail
7334,Other
7335,Travel
7336,Other
7337,Other
7338,Online
7339,Online
7340,Retail
7341,Food
7342,Online
7343,Food
7344,Other
7345,Retail
7346,Online
7347,Travel
7348,Food
7349,Travel
7350,Food
7351,Retail
7352,Retail
7353,Retail
7354,Food
7355,Online
7356,Retail
7357,Other
7358,Online
7359,Travel
7360,Food
7361,Retail
7362,Food
7363,Food
7364,Food
7365,Other
7366,Food
7367,Food
7368,Retail
7369,Retail
7370,Online
7371,Other
7372,Other
7373,Retail
7374,Other
7375,Travel
7376,Online
7377,Online
7378,Other
7379,Other
7380,Retail
7381,Online
7382,Retail
7383,Online
7384,Travel
7385,Retail
7386,Travel
7387,Travel
7388,Travel
7389,Retail
7390,Other
7391,Food
7392,Travel
7393,Retail
7394,Online
7395,Online
7396,Retail
7397,Retail
7398,Online
7399,Travel
7400,Retail
7401,Other
7402,Retail
7403,Other
7404,Online
7405,Retail
7406,Online
7407,Other
7408,Food
7409,Food
7410,Food
7411,Food
7412,Online
7413,Other
7414,Retail
7415,Retail
7416,Retail
7417,Travel
7418,Travel
7419,Other
7420,Travel
7421,Online
7422,Travel
7423,Travel
7424,Travel
7425,Retail
7426,Online
7427,Retail
7428,Retail
7429,Retail
7430,Online
7431,Retail
7432,Retail
7433,Food
7434,Travel
7435,Other
7436,Travel
7437,Food
7438,Online
7439,Food
7440,Food
7441,Food
7442,Travel
7443,Retail
7444,Food
7445,Online
7446,Travel
7447,Other
7448,Online
7449,Online
7450,Online
7451,Food
7452,Other
7453,Travel
7454,Other
7455,Travel
7456,Online
7457,Retail
7458,Travel
7459,Food
7460,Other
7461,Online
7462,Other
7463,Food
7464,Other
7465,Food
7466,Retail
7467,Other
7468,Travel
7469,Other
7470,Travel
7471,Other
7472,Online
7473,Travel
7474,Online
7475,Retail
7476,Food
7477,Travel
7478,Retail
7479,Food
7480,Retail
7481,Retail
7482,Travel
7483,Food
7484,Travel
7485,Travel
7486,Online
7487,Online
7488,Travel
7489,Retail
7490,Online
7491,Food
7492,Food
7493,Travel
7494,Retail
7495,Retail
7496,Retail
7497,Other
7498,Other
7499,Retail
7500,Food
7501,Online
7502,Retail
7503,Travel
7504,Travel
7505,Retail
7506,Other
7507,Online
7508,Other
7509,Travel
7510,Food
7511,Retail
7512,Retail
7513,Other
7514,Retail
7515,Other
7516,Travel
7517,Food
7518,Retail
7519,Food
7520,Food
7521,Food
7522,Other
7523,Retail
7524,Travel
7525,Retail
7526,Food
7527,Other
7528,Online
7529,Retail
7530,Online
7531,Retail
7532,Other
7533,Retail
7534,Travel
7535,Other
7536,Food
7537,Food
7538,Online
7539,Food
7540,Travel
7541,Travel
7542,Food
7543,Retail
7544,Retail
7545,Travel
7546,Travel
7547,Online
7548,Food
7549,Retail
7550,Food
7551,Other
7552,Retail
7553,Online
7554,Food
7555,Online
7556,Travel
7557,Retail
7558,Travel
7559,Online
7560,Food
7561,Retail
7562,Online
7563,Food
7564,Travel
7565,Food
7566,Other
7567,Retail
7568,Travel
7569,Online
7570,Online
7571,Online
7572,Food
7573,Other
7574,Online
7575,Online
7576,Travel
7577,Other
7578,Online
7579,Online
7580,Online
7581,Travel
7582,Travel
7583,Online
7584,Other
7585,Travel
7586,Food
7587,Food
7588,Travel
7589,Online
7590,Other
7591,Online
7592,Travel
7593,Other
7594,Other
7595,Retail
7596,Other
7597,Food
7598,Travel
7599,Other
7600,Online
7601,Food
7602,Travel
7603,Other
7604,Other
7605,Retail
7606,Food
7607,Food
7608,Travel
7609,Other
7610,Online
7611,Travel
7612,Retail
7613,Other
7614,Travel
7615,Retail
7616,Travel
7617,Food
7618,Retail
7619,Retail
7620,Other
7621,Retail
7622,Online
7623,Food
7624,Retail
7625,Online
7626,Online
7627,Retail
7628,Other
7629,Retail
7630,Other
7631,Food
7632,Online
7633,Online
7634,Other
7635,Other
7636,Online
7637,Other
7638,Other
7639,Other
7640,Other
7641,Online
7642,Retail
7643,Retail
7644,Online
7645,Other
7646,Other
7647,Food
7648,Food
7649,Retail
7650,Retail
7651,Food
7652,Travel
7653,Other
7654,Travel
7655,Travel
7656,Online
7657,Retail
7658,Other
7659,Travel
7660,Food
7661,Travel
7662,Food
7663,Online
7664,Online
7665,Online
7666,Travel
7667,Retail
7668,Other
7669,Travel
7670,Online
7671,Food
7672,Travel
7673,Travel
7674,Retail
7675,Travel
7676,Retail
7677,Online
7678,Retail
7679,Travel
7680,Other
7681,Online
7682,Retail
7683,Travel
7684,Online
7685,Other
7686,Retail
7687,Travel
7688,Other
7689,Food
7690,Online
7691,Other
7692,Online
7693,Food
7694,Retail
7695,Food
7696,Online
7697,Food
7698,Other
7699,Other
7700,Online
7701,Online
7702,Retail
7703,Travel
7704,Other
7705,Travel
7706,Online
7707,Retail
7708,Travel
7709,Online
7710,Online
7711,Retail
7712,Online
7713,Retail
7714,Travel
7715,Food
7716,Food
7717,Online
7718,Travel
7719,Food
7720,Other
7721,Food
7722,Travel
7723,Retail
7724,Food
7725,Retail
7726,Other
7727,Online
7728,Food
7729,Other
7730,Other
7731,Food
7732,Travel
7733,Food
7734,Food
7735,Retail
7736,Other
7737,Retail
7738,Online
7739,Travel
7740,Other
7741,Online
7742,Food
7743,Other
7744,Online
7745,Food
7746,Other
7747,Retail
7748,Travel
7749,Food
7750,Food
7751,Food
7752,Other
7753,Retail
7754,Other
7755,Food
7756,Retail
7757,Retail
7758,Other
7759,Retail
7760,Food
7761,Travel
7762,Retail
7763,Food
7764,Retail
7765,Food
7766,Travel
7767,Travel
7768,Other
7769,Online
7770,Online
7771,Travel
7772,Online
7773,Online
7774,Travel
7775,Online
7776,Online
7777,Retail
7778,Travel
7779,Online
7780,Travel
7781,Retail
7782,Retail
7783,Retail
7784,Retail
7785,Other
7786,Retail
7787,Retail
7788,Travel
7789,Travel
7790,Food
7791,Other
7792,Online
7793,Online
7794,Online
7795,Food
7796,Online
7797,Other
7798,Travel
7799,Food
7800,Other
7801,Online
7802,Other
7803,Online
7804,Other
7805,Online
7806,Online
7807,Food
7808,Online
7809,Other
7810,Food
7811,Online
7812,Retail
7813,Other
7814,Retail
7815,Retail
7816,Food
7817,Food
7818,Online
7819,Food
7820,Food
7821,Retail
7822,Retail
7823,Food
7824,Online
7825,Retail
7826,Travel
7827,Online
7828,Travel
7829,Travel
7830,Travel
7831,Online
7832,Online
7833,Food
7834,Other
7835,Food
7836,Online
7837,Online
7838,Retail
7839,Other
7840,Other
7841,Online
7842,Retail
7843,Other
7844,Other
7845,Retail
7846,Retail
7847,Retail
7848,Retail
7849,Travel
7850,Food
7851,Online
7852,Other
7853,Online
7854,Food
7855,Travel
7856,Online
7857,Food
7858,Food
7859,Retail
7860,Other
7861,Travel
7862,Online
7863,Other
7864,Food
7865,Retail
7866,Travel
7867,Online
7868,Other
7869,Food
7870,Travel
7871,Food
7872,Other
7873,Food
7874,Travel
7875,Other
7876,Travel
7877,Food
7878,Travel
7879,Travel
7880,Other
7881,Retail
7882,Travel
7883,Other
7884,Retail
7885,Retail
7886,Online
7887,Other
7888,Online
7889,Retail
7890,Online
7891,Other
7892,Online
7893,Travel
7894,Travel
7895,Retail
7896,Online
7897,Retail
7898,Travel
7899,Retail
7900,Retail
7901,Travel
7902,Retail
7903,Other
7904,Retail
7905,Retail
7906,Other
7907,Other
7908,Other
7909,Travel
7910,Online
7911,Food
7912,Retail
7913,Online
7914,Travel
7915,Travel
7916,Food
7917,Online
7918,Online
7919,Other
7920,Travel
7921,Food
7922,Other
7923,Online
7924,Food
7925,Retail
7926,Online
7927,Food
7928,Retail
7929,Food
7930,Food
7931,Retail
7932,Other
7933,Travel
7934,Retail
7935,Retail
7936,Retail
7937,Food
7938,Other
7939,Online
7940,Travel
7941,Retail
7942,Other
7943,Travel
7944,Online
7945,Online
7946,Online
7947,Online
7948,Online
7949,Travel
7950,Other
7951,Food
7952,Other
7953,Retail
7954,Food
7955,Retail
7956,Online
7957,Retail
7958,Food
7959,Travel
7960,Other
7961,Online
7962,Other
7963,Food
7964,Travel
7965,Other
7966,Retail
7967,Online
7968,Retail
7969,Food
7970,Retail
7971,Food
7972,Other
7973,Food
7974,Food
7975,Online
7976,Retail
7977,Travel
7978,Other
7979,Travel
7980,Retail
7981,Travel
7982,Online
7983,Retail
7984,Retail
7985,Retail
7986,Online
7987,Other
7988,Retail
7989,Online
7990,Food
7991,Online
7992,Travel
7993,Food
7994,Retail
7995,Other
7996,Travel
7997,Travel
7998,Travel
7999,Other
8000,Other
